rainfall,river_level,humidity,temperature,flood
327,1.56,65,22,1
114,1.83,43,36,0
379,8.98,41,33,1
216,0.8,41,21,0
119,5.3,33,32,0
101,7.3,99,28,0
112,4.77,65,40,0
3,7.71,50,37,0
216,3.73,49,21,0
390,3.7,41,27,1
49,3.91,74,34,0
135,8.17,88,32,1
63,9.74,78,17,1
282,3.29,76,33,1
98,7.19,35,36,0
116,7.84,40,22,0
51,4.11,88,35,0
186,2.05,75,21,0
343,3.04,39,34,1
325,2.13,61,20,1
236,4.1,58,36,0
166,8.51,37,22,1
16,8.15,81,23,1
33,2.5,70,21,0
335,5.24,88,19,1
135,1.83,98,23,0
382,6.05,81,26,1
112,9.97,47,31,1
252,1.36,36,18,1
78,6.46,84,34,0
32,4.16,89,31,0
128,9.73,31,36,1
369,1.59,98,39,1
136,7.8,73,18,0
150,4.63,88,15,0
369,8.82,63,31,1
390,2.2,43,35,1
152,8.5,94,34,1
101,1.95,50,32,0
398,9.26,30,34,1
165,5.14,44,26,0
157,2.77,60,33,0
40,1.31,92,17,0
389,5.56,46,19,1
337,5.02,100,20,1
135,5.51,84,21,0
276,7.68,55,37,1
159,4.29,77,29,0
264,4.79,61,22,1
32,3.71,100,22,0
301,2.59,39,37,1
323,1.06,38,16,1
169,1.17,60,23,0
342,5.11,99,19,1
370,9.39,90,22,1
242,8.17,54,18,1
49,6.76,75,28,0
210,4.94,36,36,0
334,9.85,42,16,1
206,7.42,43,22,1
98,2.31,87,19,0
216,2.24,89,22,0
38,4.71,100,18,0
25,6.7,99,15,0
47,9.3,60,20,1
208,5.11,57,27,0
30,2.06,30,27,0
135,9.3,88,24,1
216,7.12,92,19,1
97,3.32,37,33,0
376,5.65,70,16,1
25,6.05,94,31,0
80,1.04,95,17,0
95,1.15,38,36,0
120,4.34,61,33,0
304,0.88,40,28,1
336,6.04,96,25,1
133,2.44,70,22,0
135,4.26,68,29,0
161,9.33,39,15,1
234,6.4,42,17,1
275,2.52,63,19,1
178,8.87,61,26,1
145,2,99,37,0
154,6.31,97,15,0
341,8.26,68,36,1
53,9.42,47,23,1
59,8.95,100,19,1
139,3.18,56,37,0
175,2.43,63,31,0
250,2.89,36,17,0
324,4.52,65,16,1
1,3.67,46,35,0
134,2.04,86,32,0
361,4.56,31,18,1
38,9.48,49,32,1
18,8.43,100,19,1
220,1.71,69,26,0
20,9.04,56,36,1
127,6.84,75,39,0
286,8.9,82,34,1
383,1.97,60,20,1
90,8.87,33,20,1
377,9.28,82,40,1
342,8.71,61,23,1
81,7.98,43,27,0
19,8.66,58,21,1
235,3.82,59,22,0
12,6.77,81,25,0
142,8.71,65,26,1
328,5.34,98,25,1
14,1.6,63,20,0
297,9.64,63,16,1
55,6.17,74,38,0
160,4.65,95,18,0
197,9.05,54,23,1
22,7.23,30,31,0
275,7.03,55,26,1
220,1.16,72,34,0
160,6.8,45,38,0
153,5.32,82,25,0
206,7.12,100,19,1
98,4.49,78,36,0
383,9.08,68,27,1
280,8.42,68,24,1
107,4.58,71,29,0
226,4.7,57,31,0
242,8.04,51,36,1
43,3.2,72,17,0
384,2.73,69,22,1
101,1.9,35,22,0
243,6.31,39,29,1
212,8.92,54,37,1
356,4.15,81,22,1
75,6.73,30,39,0
394,8.91,84,22,1
90,8.14,96,29,1
25,5.8,45,29,0
68,8.11,97,32,1
304,3.51,86,34,1
368,8.97,84,32,1
228,9.02,90,29,1
132,7.64,65,39,0
398,5.45,60,23,1
225,1.24,66,22,0
139,3.69,99,17,0
70,1.93,79,37,0
78,7.21,38,28,0
208,3.64,89,28,0
31,2.46,83,27,0
394,6.05,32,39,1
294,4.11,30,26,1
152,7.66,83,32,0
382,7.48,58,30,1
112,3.09,92,15,0
199,3.69,81,38,0
84,8.48,46,34,1
273,0.76,80,33,1
288,6.8,40,35,1
219,1.79,89,20,0
25,2.97,71,21,0
232,3.61,78,23,0
385,9.54,83,23,1
41,4.97,99,16,0
179,2.63,38,39,0
333,0.88,33,22,1
102,8.47,49,22,1
64,5,44,33,0
111,4.92,62,39,0
188,2.09,44,39,0
83,9.66,43,33,1
13,9.32,78,27,1
366,2.38,61,18,1
356,7.84,45,40,1
289,7.94,74,32,1
219,6.78,38,31,1
331,3.74,83,30,1
54,4.62,76,35,0
235,7.22,85,20,1
375,5.46,64,34,1
275,7.86,89,28,1
374,6.13,71,22,1
44,3.15,87,22,0
384,4.91,78,25,1
14,5.2,71,20,0
249,2.52,63,25,0
143,8.86,65,32,1
5,5.41,54,17,0
123,7.34,92,32,0
388,2.78,90,35,1
364,5.16,32,17,1
150,2.61,61,24,0
339,6.02,90,32,1
271,3.77,100,25,1
180,7.18,64,24,0
128,2.69,54,25,0
61,7.56,53,21,0
110,7.52,65,38,0
301,9.78,97,34,1
144,9.81,54,24,1
116,3.93,68,15,0
362,5.57,65,16,1
27,5.76,46,35,0
385,5.16,31,33,1
145,4.96,86,25,0
94,9.67,62,30,1
58,8.31,81,30,1
37,5.98,36,19,0
76,8.21,68,17,1
127,1.63,83,34,0
305,8.01,58,39,1
267,4.11,86,24,1
301,9.91,69,33,1
317,1.07,42,39,1
106,6.44,63,36,0
41,1.99,52,32,0
38,1.99,82,29,0
352,6.14,67,16,1
118,3.24,66,37,0
232,1.18,59,23,0
320,6.1,55,28,1
58,5.67,49,23,0
72,1.18,51,40,0
157,6.15,66,29,0
63,4.95,68,37,0
206,9.46,94,32,1
252,4.66,35,28,1
376,3.56,62,15,1
46,2.67,32,39,0
344,8.3,35,39,1
387,2.16,96,35,1
226,9.2,53,33,1
223,6.53,92,17,1
240,3.81,72,25,0
343,1.49,50,25,1
210,7.09,66,36,1
205,8.23,100,16,1
232,1.34,62,25,0
59,9.72,81,31,1
0,6.75,99,29,0
211,1.01,96,26,0
318,7.69,86,39,1
26,2.43,100,19,0
147,4.66,92,18,0
14,9.74,60,37,1
81,3.45,31,32,0
208,1.39,44,29,0
60,6.65,49,30,0
366,3.27,64,28,1
247,9.81,61,29,1
282,1.87,54,34,1
260,7.59,47,17,1
141,7.84,83,25,0
259,3.04,30,24,1
371,3.34,92,19,1
228,5.62,74,25,1
282,7.75,78,29,1
164,8.76,60,33,1
196,2.72,82,16,0
162,7.57,78,27,0
339,8.03,49,30,1
18,1.7,72,18,0
225,1.45,88,15,0
369,1.87,49,17,1
240,7.92,63,25,1
319,7.08,40,25,1
345,8.66,78,25,1
320,7.33,92,32,1
18,6.37,60,35,0
350,9.25,59,38,1
46,4.62,42,39,0
324,7.19,42,29,1
85,7.09,33,16,0
166,8.06,67,26,1
191,4.59,61,31,0
210,5.88,53,20,1
89,1.25,78,34,0
349,2.79,48,22,1
236,6.56,88,23,1
341,0.59,89,24,1
346,5.69,39,29,1
176,9.88,68,35,1
217,7.06,88,24,1
101,9.99,91,18,1
121,4.12,75,33,0
151,9.93,67,15,1
337,4.26,31,33,1
351,7.89,36,34,1
381,5.22,66,39,1
117,6.27,75,22,0
325,2.31,62,36,1
386,7.35,47,35,1
49,9.08,35,24,1
225,0.82,76,38,0
67,1.36,67,25,0
382,4.45,55,19,1
276,8.83,76,31,1
256,9.18,51,23,1
246,9.69,67,38,1
173,8.14,89,17,1
72,7.66,58,36,0
370,6.91,80,40,1
285,3.97,80,15,1
135,5.6,88,26,0
344,7.62,63,33,1
195,8.31,77,18,1
345,2.72,33,34,1
287,3.62,58,35,1
32,6.54,89,37,0
154,6.67,44,19,0
23,9.49,68,30,1
59,1.42,98,19,0
198,4.81,99,28,0
300,7.55,49,28,1
335,1.44,92,34,1
208,9.42,65,16,1
353,4.02,86,29,1
120,8.63,42,36,1
188,5.67,75,16,1
203,3.12,45,29,0
46,6.8,32,16,0
170,2.81,46,40,0
289,2.45,100,21,1
300,2.55,59,25,1
396,1.9,30,23,1
74,9.88,99,23,1
89,1.54,33,19,0
7,3.9,60,33,0
165,0.65,63,16,0
64,7.55,97,18,0
381,1.1,87,39,1
185,5.38,43,29,0
257,2.6,35,38,1
337,5.45,88,35,1
15,1.08,91,27,0
218,7.02,92,37,1
227,1.2,40,25,0
311,1.91,46,23,1
319,6.51,100,37,1
166,4.12,97,24,0
232,5.3,85,18,0
359,1.59,100,38,1
110,4.59,59,28,0
173,8.36,81,28,1
373,1.4,84,25,1
340,2.92,49,36,1
242,1.14,40,17,0
221,1.42,77,40,0
66,5.79,72,36,0
62,4.4,84,38,0
26,9.7,69,26,1
53,5.99,57,19,0
336,5.08,43,26,1
284,3.99,65,33,1
115,8.17,33,34,1
336,8.38,64,15,1
92,3.1,69,25,0
179,0.56,48,33,0
336,4.31,48,38,1
324,9.73,41,38,1
271,2.54,83,29,1
174,2,69,38,0
166,7.88,40,16,0
79,2,36,36,0
41,3.08,84,30,0
310,4.7,64,21,1
386,5.37,74,28,1
56,3.19,92,31,0
341,3.43,58,27,1
306,1.02,56,24,1
108,7.79,62,24,0
167,1.64,93,38,0
220,2.17,78,32,0
360,2.69,75,17,1
203,8.69,35,28,1
9,4.87,39,25,0
294,4.58,81,37,1
327,4.47,44,27,1
10,9.68,51,40,1
316,4.87,76,17,1
223,8.52,61,28,1
301,4.3,40,27,1
158,7.59,58,25,0
398,2.1,95,35,1
58,5.54,54,39,0
178,3.84,48,22,0
52,1.89,55,20,0
308,1.95,39,20,1
395,6.47,89,39,1
288,7.72,87,36,1
289,6.61,71,35,1
161,1.93,38,30,0
226,6.5,65,33,1
28,3.84,39,24,0
236,4.79,37,26,0
146,1.23,41,34,0
304,5.32,89,33,1
283,9.57,35,29,1
292,6.69,71,34,1
243,5.26,37,29,0
52,8.2,73,37,1
43,5.29,52,16,0
126,7.22,86,31,0
267,6.29,76,26,1
144,4.18,73,36,0
306,1,72,17,1
168,1.4,79,24,0
129,7.38,49,25,0
41,6.04,48,26,0
158,9.69,80,19,1
304,7.23,40,24,1
286,4.08,72,19,1
343,7.18,97,17,1
330,6.87,95,26,1
9,3.94,53,21,0
174,9.5,92,21,1
115,10,49,17,1
151,8.52,42,31,1
394,5.63,97,16,1
338,3.7,46,34,1
192,1.97,53,37,0
394,6.44,51,38,1
224,0.92,76,36,0
368,2.76,86,34,1
145,7.65,87,22,0
273,2.77,90,21,1
188,6.94,86,29,1
393,3.18,78,31,1
270,4.48,50,21,1
309,1.81,62,16,1
328,5.07,77,32,1
52,7.26,96,18,0
145,1.3,50,23,0
230,9.1,48,28,1
46,9.49,58,29,1
178,9.34,83,16,1
202,5.27,60,27,0
41,4.06,33,25,0
50,8.47,72,40,1
74,1.81,66,30,0
356,8.4,90,29,1
315,0.55,40,15,1
131,2.55,49,32,0
372,6.28,84,18,1
397,3.24,68,18,1
24,2.77,88,17,0
56,8.45,93,34,1
274,0.66,95,33,1
123,7.33,67,28,0
0,6.34,60,33,0
213,2.28,40,31,0
184,1.14,97,32,0
259,7.97,94,32,1
10,4.21,90,16,0
325,4.18,77,23,1
382,0.65,38,26,1
123,7.46,43,39,0
297,7.48,72,19,1
22,3.85,73,35,0
89,8.39,89,37,1
245,6.5,47,17,1
366,7.87,88,16,1
150,2.42,55,16,0
161,9.37,95,27,1
278,5,34,39,1
331,2.32,75,39,1
24,8.73,72,23,1
63,8.09,85,27,1
380,4.68,79,25,1
95,5.21,93,26,0
265,3.03,40,38,1
217,1.25,53,32,0
150,3.55,40,25,0
338,3.31,87,34,1
367,4.55,86,26,1
228,0.9,75,34,0
222,3.11,37,17,0
343,6.56,76,31,1
383,6.95,33,19,1
311,6.94,86,16,1
64,1.14,76,26,0
196,9.52,34,34,1
78,6.95,77,26,0
227,7.75,47,31,1
187,4.28,65,22,0
58,0.75,53,30,0
265,4.18,45,23,1
396,2.97,87,21,1
313,3.21,92,21,1
62,1.79,39,29,0
88,9.04,86,17,1
349,9.69,70,36,1
177,7.24,100,32,0
148,8.97,50,37,1
363,9.31,52,40,1
185,5.33,45,21,0
71,2.75,93,15,0
184,5.76,77,29,1
282,1.73,41,17,1
158,4.28,91,31,0
210,7.81,39,19,1
162,6.6,87,29,0
348,5.41,46,39,1
282,6.58,53,39,1
66,4.61,37,18,0
265,1.95,51,20,1
165,9.38,58,26,1
265,9,40,23,1
100,6.53,100,23,0
64,6.44,98,17,0
257,6.59,49,20,1
337,6.43,73,33,1
21,8.34,33,17,1
23,9.51,63,35,1
107,7.79,83,34,0
327,0.79,99,24,1
328,9.59,91,22,1
350,4.36,88,17,1
352,1.07,86,28,1
247,4.91,73,34,0
73,3.47,70,38,0
176,9.77,46,39,1
189,5.39,43,25,0
123,4.93,64,29,0
126,1.84,36,24,0
196,8.71,83,22,1
81,8.23,70,21,1
390,2.01,95,29,1
255,8.85,93,15,1
46,9.48,94,29,1
123,2.54,75,16,0
25,3.17,90,24,0
274,0.58,43,28,1
68,8.88,76,39,1
206,3.98,81,16,0
291,5.84,76,32,1
147,1.2,94,29,0
391,5.72,45,19,1
49,4.24,73,32,0
187,7.67,55,34,1
260,4.31,35,16,1
19,1.8,72,40,0
242,5.43,49,34,0
263,1.83,70,20,1
201,9.91,68,33,1
172,5.32,95,32,0
250,7.23,68,30,1
8,4,44,28,0
298,3.42,33,34,1
242,3.02,59,38,0
26,6.04,51,31,0
322,7.35,78,19,1
348,2.8,44,21,1
9,4.69,83,19,0
211,7.06,82,31,1
396,6.31,90,38,1
372,1.09,47,31,1
106,5.83,91,31,0
192,3.48,52,29,0
272,3.75,75,36,1
395,8.74,63,34,1
247,2.33,61,23,0
285,3.34,68,39,1
147,7.2,92,25,0
245,3.81,65,24,0
62,5.95,99,27,0
202,8.27,48,24,1
21,3.23,40,26,0
226,6.73,91,21,1
103,8.37,64,32,1
356,3.08,43,34,1
379,6.07,61,16,1
342,9.1,58,35,1
119,1,82,25,0
367,4.99,47,15,1
281,9.79,50,28,1
334,9.38,90,30,1
333,2.39,66,25,1
146,6.64,41,35,0
293,2.71,34,20,1
213,8.88,52,16,1
203,7.99,53,38,1
148,8.83,31,24,1
290,6.23,72,24,1
232,9.9,99,31,1
252,8.95,47,31,1
239,3.09,44,25,0
83,7.45,62,37,0
95,0.63,73,40,0
151,5.89,54,20,0
312,8.63,81,28,1
263,3.62,81,36,1
48,2.26,47,30,0
165,9.39,30,23,1
196,2.74,64,25,0
154,6.03,31,23,0
334,3.92,60,16,1
341,1.62,69,20,1
207,7.02,69,37,1
60,6.57,67,26,0
314,2.6,47,30,1
78,4.82,77,28,0
359,5.72,90,39,1
275,8.12,57,39,1
126,6.96,40,31,0
228,5.52,76,17,1
288,1.57,100,31,1
103,5.94,49,20,0
167,8.62,86,18,1
348,2.45,92,17,1
261,4.73,37,29,1
67,5.38,88,33,0
29,5.81,69,38,0
11,4.26,30,38,0
111,5.99,35,28,0
176,7.15,99,16,0
35,9.87,90,16,1
146,4.38,47,39,0
328,9.79,83,26,1
195,4.76,78,27,0
41,6.99,99,19,0
334,8.67,45,20,1
275,4.23,46,38,1
114,8.43,32,24,1
237,6.9,99,28,1
272,4.1,59,22,1
235,3.79,65,21,0
371,7.77,34,40,1
338,4.48,32,22,1
105,1.14,34,29,0
306,6.88,36,22,1
379,0.92,86,22,1
276,2.56,37,19,1
257,9.94,59,38,1
294,3.53,71,22,1
154,8.82,96,22,1
211,3.35,37,32,0
302,8.86,52,35,1
347,4.56,93,16,1
176,9.45,78,40,1
268,3.53,83,28,1
76,3.35,53,39,0
275,5,58,24,1
362,1.87,89,16,1
287,4.42,83,32,1
271,1.77,61,23,1
104,3.64,40,29,0
189,1.38,54,16,0
137,4.08,35,17,0
96,8.14,57,30,1
106,8.76,72,24,1
7,2.51,54,38,0
60,7.6,91,22,0
356,6.24,56,27,1
122,5.74,66,27,0
238,5.57,75,24,1
133,3.92,93,29,0
50,8.13,90,39,1
163,9.19,77,25,1
211,0.93,58,38,0
74,0.65,100,33,0
296,7.34,67,19,1
100,3.63,78,33,0
125,5.24,73,23,0
390,8.31,92,29,1
86,7.46,75,20,0
71,7.34,92,20,0
277,9.91,37,31,1
17,8.47,39,36,1
24,7.76,82,19,0
322,2.7,49,15,1
111,5.3,77,16,0
316,6.56,91,36,1
249,0.65,98,32,0
210,0.61,97,38,0
140,5.59,66,15,0
257,8.22,85,40,1
91,1.52,42,31,0
76,2.79,97,23,0
181,3.04,80,17,0
191,9.61,88,33,1
124,9.91,58,24,1
350,8.37,40,35,1
332,7.72,41,27,1
194,4.08,90,16,0
326,0.59,51,17,1
255,8.53,72,33,1
48,9,35,22,1
108,9.06,90,23,1
23,9.28,65,32,1
288,6.75,52,25,1
8,9.63,48,39,1
364,8.3,39,24,1
83,5.86,79,36,0
276,3.65,47,40,1
352,7.38,94,38,1
177,1.01,85,22,0
38,3.74,80,39,0
167,0.78,64,40,0
230,5.16,75,32,0
192,4.6,78,17,0
395,6.38,61,37,1
37,1.28,49,27,0
364,7.95,49,38,1
199,3.51,43,17,0
2,9.46,86,26,1
389,3.06,46,17,1
95,4.59,95,28,0
52,0.75,75,32,0
47,6.17,71,27,0
6,3.27,79,39,0
43,7.39,61,33,0
266,2.11,78,20,1
71,3.05,64,30,0
74,1.1,85,23,0
215,3.35,39,26,0
128,9.47,93,34,1
315,2.36,43,19,1
155,0.56,80,25,0
317,4.11,72,29,1
171,4.59,47,24,0
164,6.23,55,30,0
160,2.19,80,25,0
149,7.48,92,33,0
400,2.8,78,23,1
201,3.97,55,33,0
279,2.21,100,15,1
372,4.89,56,29,1
149,8.4,38,40,1
209,6.89,47,35,1
155,2.8,49,37,0
216,8,39,29,1
306,5.05,81,32,1
259,9.27,83,32,1
18,8.01,76,37,1
274,6.14,40,18,1
393,2.86,75,20,1
331,6.32,81,39,1
169,9.67,85,18,1
5,1.44,58,31,0
382,5.43,58,29,1
191,4.22,94,19,0
176,9.98,91,18,1
151,4.45,40,18,0
373,1.85,69,25,1
233,7.95,96,30,1
178,5.02,86,38,0
356,4.8,38,24,1
22,8.2,44,15,1
175,6.66,51,38,0
124,5.4,100,20,0
169,5.82,89,22,0
207,6.48,53,35,1
336,4.61,33,38,1
314,8.89,87,33,1
219,4.19,57,21,0
142,7.65,38,33,0
52,8.1,98,20,1
187,3.6,88,18,0
134,6.87,92,31,0
327,3.48,79,34,1
200,6.08,74,26,1
234,6.36,68,34,1
302,1.31,47,25,1
60,2.77,44,20,0
191,7.09,95,27,1
214,6.17,79,28,1
95,5.12,98,37,0
330,9.34,52,32,1
85,5.15,47,20,0
161,8.5,36,26,1
4,5.1,54,27,0
287,5.3,93,28,1
350,5.17,86,30,1
85,1.29,33,40,0
389,2.6,34,23,1
115,5.61,51,39,0
234,5.87,93,32,1
261,1.58,44,23,1
396,5.66,76,32,1
387,0.9,86,32,1
111,9.9,43,38,1
334,7.64,68,16,1
230,3,41,29,0
60,7.87,60,21,0
377,6.09,74,37,1
312,6.51,51,34,1
71,7.96,56,40,0
30,5.92,98,23,0
305,5.62,71,37,1
149,3.25,64,31,0
347,8.24,47,39,1
210,9.23,65,35,1
64,7.16,46,22,0
74,7.26,61,39,0
346,4.23,48,33,1
323,3.05,83,27,1
231,1.22,41,27,0
263,7.62,77,29,1
249,3.61,30,39,0
375,1.38,88,35,1
340,7.12,38,40,1
273,4.28,84,21,1
253,3.05,66,25,1
280,5.99,92,40,1
175,8.99,36,16,1
50,6.45,88,15,0
63,9.33,50,29,1
233,0.51,84,21,0
352,9.14,68,20,1
140,1.39,76,23,0
42,4.03,51,16,0
202,6.44,59,28,1
335,1.37,42,15,1
109,5.03,46,33,0
115,5.43,86,15,0
4,7.11,45,28,0
355,1.76,39,22,1
196,1.35,43,18,0
160,3.99,68,19,0
195,7.85,47,35,1
346,1.86,97,33,1
4,6.3,51,29,0
179,7.36,49,28,0
315,7.02,57,17,1
51,1.83,45,33,0
373,4.15,84,25,1
71,2.85,40,22,0
283,6.21,66,39,1
353,0.75,68,21,1
265,6.27,54,38,1
200,3.31,36,40,0
122,5.2,44,22,0
255,6.56,39,31,1
6,9.88,70,19,1
198,8.68,83,26,1
279,6.99,90,39,1
37,0.66,38,15,0
134,2.55,37,40,0
203,5.31,94,39,0
212,4.52,81,17,0
327,5.6,49,23,1
42,3.44,95,21,0
79,5.6,80,33,0
324,7.75,38,24,1
357,4.66,60,16,1
125,1.32,85,18,0
232,6.32,37,24,1
341,7.55,52,18,1
6,7.23,31,20,0
254,9.55,96,31,1
400,8.31,63,20,1
190,1.71,64,38,0
60,7.83,33,25,0
219,3.08,38,23,0
364,9.76,39,30,1
233,5.35,37,30,0
290,2.09,50,23,1
395,1.48,44,22,1
379,5.33,35,15,1
125,0.94,76,27,0
76,2.2,34,32,0
365,7.54,83,22,1
164,2.86,70,23,0
39,5.93,45,31,0
344,9.07,52,22,1
264,9.82,81,17,1
238,8.73,69,25,1
44,5.75,31,26,0
102,3.27,68,38,0
318,2.8,77,33,1
252,9.98,55,38,1
279,7.72,61,19,1
3,9.36,33,22,1
277,3.79,31,25,1
0,7.71,78,38,0
372,3.42,56,31,1
121,4.49,37,19,0
364,3.16,35,22,1
266,4.42,77,29,1
382,1.31,42,31,1
68,6.55,80,17,0
303,5.89,85,36,1
66,2.75,63,25,0
201,7.16,71,25,1
231,3.08,39,21,0
69,7.91,43,19,0
54,2.06,89,25,0
208,1.65,75,39,0
106,4.79,89,23,0
61,1.36,68,37,0
356,6.23,57,25,1
75,1.37,61,26,0
202,5.38,68,23,0
89,0.8,81,29,0
284,7.61,61,18,1
236,1.47,47,18,0
6,1.09,58,19,0
101,8.32,77,36,1
322,9.41,40,33,1
300,2.96,39,15,1
33,2.38,86,40,0
65,1.37,72,18,0
21,9.45,36,20,1
293,4.61,80,30,1
15,4.14,84,20,0
181,2.54,53,23,0
143,4.74,49,16,0
314,6.38,61,35,1
151,5.24,100,30,0
31,1.33,79,19,0
214,2.39,97,22,0
322,9.94,99,40,1
9,9.9,75,30,1
278,7.92,74,33,1
257,3.56,64,20,1
13,3.53,58,15,0
398,3.17,90,31,1
183,7.79,59,20,1
51,2.85,60,23,0
273,8.25,37,39,1
112,5.97,79,26,0
88,2.17,70,40,0
377,7.13,33,37,1
358,3.84,48,33,1
96,8.45,93,32,1
158,2.17,34,17,0
28,2.71,58,15,0
269,5.04,72,34,1
103,8.16,73,37,1
90,9.23,71,16,1
11,1.9,48,39,0
56,8.54,76,17,1
191,7.19,80,33,1
51,3.7,71,19,0
80,7.46,85,40,0
327,9.63,70,20,1
362,9.7,75,22,1
340,6.1,52,27,1
157,7.47,67,19,0
90,7.42,80,39,0
290,0.81,70,40,1
313,2.6,43,30,1
72,3.65,39,22,0
177,9.83,51,35,1
45,8.31,72,29,1
5,3.02,61,37,0
34,3.83,43,38,0
0,0.96,86,38,0
214,9.71,82,30,1
193,3.84,78,18,0
245,7.99,58,20,1
231,1.2,34,24,0
10,3.53,43,17,0
175,2.12,78,20,0
374,1.21,41,25,1
304,9.86,91,37,1
15,4.6,51,34,0
222,1.99,42,25,0
105,9.76,82,37,1
283,7.36,99,23,1
338,3.17,60,18,1
25,4.23,100,30,0
78,1.02,30,28,0
44,3.3,91,21,0
49,0.74,51,35,0
149,9.78,90,18,1
157,7.96,90,30,0
338,3.02,99,27,1
94,4.02,78,26,0
95,4.73,63,29,0
238,3,64,33,0
31,1.94,42,17,0
342,3.77,99,28,1
387,6.1,100,16,1
198,8.27,83,32,1
351,8.74,90,33,1
120,5.02,40,27,0
365,0.83,96,40,1
292,6.94,48,18,1
387,4.77,51,21,1
98,1.7,84,17,0
349,4.64,48,34,1
132,3.54,38,17,0
198,5.79,100,25,1
141,5.44,31,40,0
358,6.42,96,40,1
214,1.57,49,19,0
290,6.09,42,18,1
288,7.91,66,32,1
176,8.84,63,27,1
335,5.11,90,16,1
88,3.12,48,34,0
311,6.97,81,16,1
202,8.95,72,37,1
121,0.97,90,23,0
190,0.69,68,24,0
143,8.51,42,22,1
68,3.35,86,39,0
164,3.06,83,34,0
330,1.35,86,21,1
208,7.54,96,26,1
28,5.4,50,17,0
159,7.24,81,19,0
399,8.59,33,20,1
98,8.81,55,16,1
127,0.81,36,26,0
360,2.39,77,29,1
258,4.27,45,36,1
15,2.8,92,34,0
228,2.19,90,33,0
282,3.82,50,23,1
383,8.39,41,24,1
14,4.17,50,33,0
399,9.67,58,35,1
115,6.94,64,35,0
209,5.38,31,30,0
67,6.65,31,22,0
129,6.28,69,37,0
363,6.61,84,27,1
178,4.86,57,29,0
154,6.93,80,33,0
52,0.57,77,32,0
331,6.14,66,24,1
350,1.53,38,25,1
141,6.59,65,23,0
335,7.26,68,21,1
76,5.41,60,16,0
307,4.34,70,36,1
71,7.35,93,24,0
132,9.12,81,27,1
377,0.84,54,25,1
371,7.28,98,35,1
243,9.11,75,31,1
153,8.53,53,24,1
49,4.97,63,38,0
286,7.75,53,36,1
171,6.72,58,26,0
114,7.57,69,28,0
169,4.03,67,29,0
60,4.97,39,30,0
99,5.25,78,31,0
152,4.42,49,19,0
102,3.76,88,19,0
161,8.69,53,39,1
41,5.13,52,25,0
324,1.05,87,23,1
107,7.73,51,33,0
391,2.01,41,19,1
314,4.62,84,27,1
219,9.67,79,15,1
19,5.57,77,15,0
164,7.69,97,21,0
9,6.93,61,22,0
355,8.83,69,19,1
52,4.14,69,20,0
33,8.33,68,24,1
233,7.41,97,25,1
222,8.94,47,25,1
250,3.91,54,20,0
206,0.68,58,38,0
67,2.51,32,33,0
258,2.11,76,37,1
333,8.03,78,35,1
130,7.83,36,34,0
24,6.79,32,16,0
353,1.6,86,27,1
63,5.7,90,37,0
78,2.45,31,24,0
215,6.79,96,23,1
318,6.25,47,28,1
53,5.36,45,24,0
58,7.96,93,21,0
311,2.4,63,31,1
103,3.9,82,24,0
82,0.87,93,21,0
352,9.36,72,22,1
1,0.62,41,18,0
293,6.86,49,17,1
399,5.36,42,23,1
329,2.7,67,23,1
237,0.98,52,16,0
148,3.92,70,28,0
378,1.6,35,15,1
70,6.8,51,25,0
183,9,64,38,1
47,4.04,73,20,0
58,4.31,88,23,0
197,7.05,91,40,1
215,6.66,51,18,1
67,7.11,37,20,0
53,4.45,91,40,0
291,6.94,53,34,1
194,7.9,33,36,1
372,9.75,46,30,1
249,1.57,82,29,0
23,1.1,70,15,0
360,8.75,97,39,1
380,5.98,58,36,1
173,5.43,42,28,0
338,7.4,91,26,1
339,6.92,79,19,1
285,8.97,36,15,1
329,9.38,94,30,1
253,8.76,39,39,1
251,3.55,72,23,1
25,5.32,100,35,0
193,4.33,60,17,0
235,4.72,87,17,0
255,4.75,45,30,1
381,6.71,43,27,1
211,0.84,100,15,0
46,8.02,68,31,1
287,2.47,88,25,1
186,8.34,58,29,1
169,5.82,90,37,0
336,3.95,87,18,1
49,7.71,58,15,0
174,3.87,67,32,0
267,4.05,43,16,1
84,5.18,82,18,0
130,6.3,54,18,0
201,2.55,54,37,0
173,1.52,83,16,0
324,8.46,45,39,1
230,4.85,94,19,0
255,0.54,36,32,1
221,8.47,91,31,1
399,9.25,52,37,1
296,2.15,46,18,1
198,6.75,71,31,1
196,4.48,61,23,0
203,9.65,67,29,1
68,1.81,95,24,0
359,5.7,70,37,1
377,9.39,57,21,1
107,6.43,67,36,0
176,9.25,46,37,1
332,9.76,52,31,1
277,7.1,71,37,1
59,7.73,91,33,0
292,9.46,83,36,1
382,8.99,98,24,1
216,8.18,96,18,1
12,4.12,36,36,0
28,2.4,50,24,0
349,2.88,37,37,1
151,2.44,99,16,0
183,8.23,43,34,1
345,7.53,58,38,1
331,5.83,60,31,1
356,3.23,36,27,1
198,4.46,70,32,0
27,0.62,62,21,0
317,8.75,86,22,1
324,7.19,77,39,1
301,5.69,55,39,1
371,9.66,67,29,1
90,9.84,39,20,1
88,7.48,45,27,0
20,4.57,63,19,0
82,6.05,62,15,0
169,4.93,49,16,0
78,9.32,36,39,1
320,6.35,68,30,1
293,5.73,39,40,1
362,3.52,58,20,1
266,1.15,94,20,1
212,5.66,81,17,1
178,2.6,57,36,0
169,3.65,67,21,0
385,6.37,90,32,1
385,9.82,31,18,1
342,3.79,60,35,1
314,9.23,61,16,1
349,8.91,78,40,1
58,4.17,99,38,0
144,0.73,96,39,0
191,5.39,95,29,0
249,0.92,54,25,0
263,1.28,42,20,1
395,5.61,30,35,1
33,2.5,57,36,0
217,8.44,56,32,1
359,8.85,85,35,1
36,7.6,49,15,0
235,7.31,34,17,1
37,1.02,62,32,0
36,5.96,59,23,0
208,4.19,81,28,0
161,0.66,45,32,0
3,6.59,38,39,0
381,6.06,39,26,1
257,1.51,68,34,1
44,3.17,86,27,0
202,8.31,33,30,1
80,5.57,47,38,0
200,8.07,99,24,1
324,1.87,77,15,1
283,8.81,48,18,1
21,0.55,80,32,0
280,9.5,69,21,1
383,7.54,74,21,1
211,9.1,95,19,1
82,2.25,62,21,0
58,2.22,36,39,0
281,4.88,100,17,1
148,6.88,62,18,0
101,7.39,92,25,0
182,1.72,60,18,0
145,6.39,54,25,0
248,4.78,69,37,0
299,1.95,76,40,1
161,9.61,51,15,1
160,2.84,58,37,0
378,6.59,65,26,1
68,6.96,72,30,0
236,4.73,69,30,0
282,1.53,40,23,1
71,8.97,55,23,1
375,8.92,39,38,1
38,8.97,94,35,1
15,8.22,81,39,1
302,2.52,34,32,1
133,5.66,99,30,0
334,7.86,76,27,1
114,8.97,67,19,1
237,5.26,41,27,0
186,5.27,60,40,0
314,7,95,19,1
228,2.01,48,38,0
374,5.09,75,16,1
112,7.73,59,17,0
135,4.01,35,36,0
105,5.42,76,27,0
240,9.22,35,16,1
332,3.58,96,35,1
140,8.43,63,33,1
278,5.92,78,35,1
193,3.97,39,31,0
128,4.08,58,31,0
207,3.85,74,30,0
246,8.93,30,31,1
71,4.68,59,17,0
263,6.61,57,19,1
95,1.99,45,36,0
117,4.44,72,38,0
58,5.07,91,30,0
107,6.11,82,15,0
124,0.91,50,19,0
322,5.37,48,16,1
85,2.95,53,31,0
207,6.19,32,38,1
372,6.79,66,17,1
110,4.77,90,30,0
87,2.58,82,34,0
73,8.05,53,34,1
337,5.35,51,38,1
351,3.76,88,34,1
302,1.15,78,27,1
67,1.53,55,31,0
258,7,49,34,1
49,2.19,34,40,0
272,5.28,45,17,1
246,6.76,99,15,1
396,6.95,85,31,1
215,4.02,35,37,0
271,4.58,91,40,1
393,4.12,42,28,1
68,2.92,59,17,0
145,6.18,99,28,0
131,2.3,30,33,0
267,1.62,30,27,1
335,2.45,70,28,1
185,1.51,84,35,0
299,2.91,98,28,1
289,3.97,65,36,1
203,7.67,82,32,1
285,5.08,77,32,1
284,5.1,69,33,1
176,7.85,80,38,0
70,8.62,45,38,1
117,4.74,50,18,0
109,5.33,73,40,0
281,6.33,36,20,1
199,9.66,30,40,1
46,8.32,90,34,1
222,1.34,63,22,0
189,1.26,34,38,0
196,9.34,81,34,1
335,5.45,37,39,1
89,6.58,86,15,0
103,8.58,96,24,1
99,0.82,95,31,0
357,2.7,51,36,1
18,3.92,30,20,0
44,9.97,81,26,1
342,4.25,55,31,1
7,7.5,38,17,0
281,3.2,74,26,1
141,2.65,54,29,0
206,5.96,63,20,1
208,5.31,39,31,0
150,3.73,44,40,0
262,9.59,98,40,1
294,2.88,86,27,1
288,5.09,61,39,1
173,9.63,88,36,1
235,9.02,33,30,1
59,2.95,78,35,0
112,6.93,59,40,0
161,4.42,75,31,0
274,0.59,63,22,1
147,1.38,73,17,0
283,9.35,90,25,1
181,2.58,64,20,0
382,6.99,54,30,1
377,2.4,60,23,1
105,2.68,61,34,0
182,1.98,43,18,0
40,6.92,93,34,0
3,7.76,99,16,0
246,4.03,70,30,0
294,8.75,92,20,1
391,9.2,65,27,1
113,7.63,46,16,0
269,8.09,91,32,1
16,5.27,80,36,0
397,2.16,45,37,1
265,4.87,31,15,1
345,2.5,42,25,1
185,6.32,63,20,1
280,3,64,30,1
313,3.76,53,30,1
217,2.5,77,26,0
205,3.16,53,33,0
67,9.8,59,18,1
369,3.06,60,32,1
221,8.63,55,19,1
378,1.92,31,20,1
215,5.25,96,32,0
368,3.5,92,24,1
128,5.84,36,27,0
50,7.06,37,21,0
130,5.03,42,29,0
381,3.68,76,26,1
286,5.8,62,26,1
10,4.41,74,36,0
310,2.39,98,20,1
399,3.2,71,36,1
261,5.13,87,17,1
195,6.33,89,35,1
74,8.75,73,28,1
323,6.32,81,17,1
40,2.04,59,25,0
162,6.7,64,34,0
330,4.26,86,39,1
185,7.61,96,29,1
211,2.09,32,19,0
372,2.73,62,38,1
358,7.62,56,20,1
203,1.48,38,30,0
280,1.01,80,31,1
391,9.96,43,23,1
316,1.98,79,24,1
117,2.85,66,29,0
320,1.7,97,20,1
14,0.83,75,25,0
243,4.94,99,23,0
280,4.73,99,20,1
302,6.18,85,31,1
327,6.58,69,26,1
246,5.63,41,29,1
157,3.97,63,19,0
155,0.6,96,39,0
69,3.77,90,32,0
4,7.03,92,39,0
244,3.35,85,40,0
149,6.17,30,32,0
191,2.29,85,27,0
127,2.05,79,27,0
112,3,84,35,0
122,5.41,64,24,0
332,7.56,64,28,1
96,8.61,53,19,1
148,1.55,88,34,0
231,3.09,92,21,0
164,0.68,36,32,0
11,2.27,43,24,0
137,1.69,86,38,0
4,2.71,49,15,0
252,2.56,83,24,1
255,9.98,89,37,1
16,3.64,48,16,0
136,7.87,39,32,0
240,2.23,62,27,0
6,1.66,61,27,0
394,9.76,61,38,1
17,2.39,42,31,0
340,9.83,90,27,1
348,9.63,71,20,1
322,7.42,100,31,1
62,2.91,68,21,0
184,8.93,57,18,1
120,6.51,71,15,0
85,8.05,45,27,1
124,0.58,35,33,0
353,5.02,49,26,1
394,1.35,50,30,1
46,7.02,73,39,0
320,1.07,75,35,1
78,7.16,43,19,0
249,2.71,74,40,0
224,7.47,32,37,1
193,3.9,47,23,0
20,5.11,86,32,0
150,5.66,92,21,0
290,2.27,74,25,1
374,4.95,100,20,1
35,5.55,87,24,0
134,5.65,88,15,0
397,6.56,78,38,1
94,8.89,76,39,1
317,2.77,38,36,1
275,8.28,54,31,1
349,5.23,100,19,1
313,3.19,82,35,1
164,1.55,96,36,0
34,0.92,46,20,0
16,2.42,92,21,0
50,0.8,79,36,0
250,5.5,62,16,0
187,2.6,39,15,0
106,6.73,40,29,0
327,1.08,83,26,1
362,1.05,64,31,1
20,7.48,68,17,0
110,9.63,42,18,1
371,2.69,79,21,1
98,5.5,61,33,0
320,9.5,83,38,1
54,7.78,75,36,0
234,7.17,84,18,1
85,8.03,100,27,1
258,3.71,50,32,1
307,4.71,75,25,1
281,9.92,71,26,1
211,7.76,85,38,1
165,6.28,99,21,0
192,7.77,62,26,1
231,4.75,80,15,0
371,0.83,66,34,1
8,5.42,68,15,0
153,9.85,57,25,1
11,7.83,65,32,0
261,5.79,49,18,1
19,4.87,49,19,0
135,3.99,61,22,0
131,8.21,41,33,1
204,5.91,57,38,1
39,7.37,91,20,0
249,8.34,42,34,1
328,3.35,78,17,1
399,1.03,72,26,1
222,4.46,45,39,0
116,7.6,31,35,0
398,6.51,36,24,1
268,0.89,99,33,1
76,3.6,58,19,0
25,6.9,80,29,0
385,6.15,94,17,1
113,4.6,80,19,0
67,3.69,90,33,0
381,0.97,81,23,1
43,4.29,85,39,0
357,1.74,47,30,1
286,2.38,80,35,1
292,2.36,97,22,1
124,1.18,85,25,0
350,9.28,41,18,1
343,4.43,76,26,1
97,3.55,33,39,0
156,2.11,74,34,0
226,6.42,86,16,1
119,2.4,77,19,0
387,7.42,40,18,1
378,1.02,48,24,1
7,3.76,44,24,0
230,4.98,72,21,0
378,5.61,56,32,1
267,7.63,100,30,1
318,7.43,48,37,1
357,6.85,78,33,1
339,5.5,62,20,1
30,3.2,64,16,0
238,6.72,31,17,1
198,6.77,76,18,1
9,3.28,79,22,0
194,5.33,42,25,0
248,8.73,98,17,1
95,2.39,88,32,0
364,0.7,61,31,1
156,3.67,80,38,0
80,0.67,75,26,0
320,3.37,94,23,1
31,6.45,79,15,0
284,9.52,58,19,1
174,9.02,47,17,1
373,4.13,59,28,1
123,5.94,84,24,0
309,3.63,99,19,1
105,6.7,99,36,0
103,8.69,69,37,1
361,9.04,47,28,1
394,1.88,50,25,1
34,5.79,45,20,0
162,8.48,48,38,1
15,7.77,82,28,0
155,4.71,65,19,0
398,2.29,46,20,1
13,7.74,64,34,0
290,6.32,59,22,1
351,0.75,40,37,1
399,5.03,94,34,1
240,7.26,77,20,1
198,5.17,47,20,0
98,2.65,82,39,0
7,9.29,82,22,1
380,6.88,55,39,1
104,1.13,86,34,0
250,7.03,88,22,1
218,4.35,35,34,0
376,8.33,70,27,1
313,9.42,98,31,1
328,8.82,34,31,1
55,4.79,35,22,0
265,5.61,35,32,1
198,5.4,36,21,0
149,4.68,68,39,0
146,4.88,84,24,0
313,9.23,96,19,1
237,8.38,87,17,1
369,5.26,53,39,1
299,9.41,99,19,1
201,4.43,87,15,0
91,4.81,55,29,0
46,2.88,50,37,0
375,1.67,44,37,1
230,6.52,40,31,1
362,4.15,95,34,1
81,4.1,78,16,0
393,2.12,72,33,1
337,8.7,50,19,1
91,7.81,36,28,0
157,3.44,87,24,0
320,2.22,46,21,1
1,6.41,62,15,0
234,5.23,93,32,0
2,6.28,93,22,0
111,6.09,90,29,0
209,4.7,30,22,0
280,3.14,56,16,1
94,1.91,74,16,0
74,8.61,68,25,1
44,0.97,83,20,0
82,6.88,52,29,0
383,6,34,17,1
393,3.34,77,27,1
34,7.71,100,17,0
149,4.97,45,37,0
140,3.63,82,31,0
107,7.11,37,18,0
292,7.43,97,17,1
247,7.38,66,28,1
311,8.55,63,31,1
294,9.95,75,19,1
314,5.85,96,38,1
323,5.23,53,34,1
119,7.23,54,15,0
60,0.73,45,38,0
106,8.1,83,28,1
23,3.67,57,15,0
327,2.41,66,23,1
34,3.42,94,32,0
165,7.79,44,36,0
170,3.74,33,20,0
99,3.64,73,36,0
245,9.2,34,35,1
69,5.07,88,32,0
171,4.89,82,38,0
28,8.43,68,33,1
371,6.94,98,15,1
106,5.99,72,40,0
181,1.13,49,23,0
15,3.72,78,35,0
273,8.5,79,20,1
304,1.61,69,37,1
161,7.24,64,28,0
44,5.22,60,26,0
231,8.38,68,21,1
268,3.37,44,26,1
19,7.89,41,29,0
259,0.74,91,31,1
78,2.31,91,38,0
268,3.45,71,19,1
393,8.78,96,36,1
67,2.45,34,29,0
198,7.28,96,18,1
2,3.45,35,36,0
304,8.78,72,29,1
23,1.48,69,15,0
295,7.71,56,25,1
102,2.33,65,32,0
163,7.84,45,23,0
76,2,44,15,0
318,5.82,43,21,1
277,3.83,70,23,1
72,9.46,66,33,1
125,2.13,69,34,0
173,5.64,36,19,0
14,4.97,36,18,0
196,1.01,84,27,0
91,7.19,87,34,0
182,3.47,55,37,0
388,6.87,98,17,1
386,7.76,46,17,1
357,4.95,88,24,1
350,6.62,89,30,1
118,9.5,48,34,1
132,9.17,80,20,1
358,9.21,72,40,1
166,4.81,33,17,0
243,1.57,91,29,0
87,3.18,74,34,0
294,1.71,43,27,1
365,8.07,71,32,1
332,1.17,68,32,1
236,4.31,82,22,0
317,2.82,50,30,1
196,1.13,56,37,0
302,4.6,85,33,1
175,5.67,60,20,0
339,6.86,92,18,1
303,6.16,71,32,1
49,8.31,52,24,1
207,1.16,43,36,0
305,7.83,78,25,1
253,6.63,37,17,1
111,8.26,30,39,1
75,6.78,87,32,0
149,4.2,87,21,0
105,6.97,70,24,0
291,8.05,68,28,1
367,9.83,74,17,1
298,0.58,95,27,1
65,8.6,37,26,1
281,9.7,30,37,1
286,8.3,75,18,1
144,8.72,60,28,1
359,6.11,70,37,1
195,4.36,85,32,0
108,6.79,90,19,0
96,5.78,76,28,0
78,3.24,46,19,0
5,1.18,32,19,0
369,8.91,85,19,1
43,1.8,83,29,0
356,6.24,84,34,1
92,4.82,84,32,0
230,4.15,58,20,0
217,6.24,93,38,1
121,7.27,64,28,0
279,5.98,34,16,1
290,5.09,77,18,1
297,5.07,40,19,1
373,7.45,65,29,1
264,1.24,41,22,1
241,6.49,39,36,1
324,5.62,69,34,1
27,9.08,98,39,1
5,4.95,95,30,0
293,7.47,83,26,1
150,3.25,34,37,0
305,7.62,63,16,1
322,5,51,33,1
26,6.74,67,40,0
377,6.43,66,30,1
42,1.7,39,40,0
142,2.89,65,23,0
131,0.63,44,34,0
89,9.15,49,36,1
228,4.01,52,23,0
400,7.16,92,20,1
270,8.69,73,17,1
74,6.16,49,30,0
385,9.94,79,22,1
338,4.68,51,21,1
295,7.48,74,16,1
328,3.01,44,16,1
85,4.91,90,24,0
243,7.59,98,22,1
194,6.99,79,30,1
134,1.88,85,15,0
147,9.31,87,27,1
347,3.5,97,36,1
21,1.42,98,35,0
181,9.58,85,34,1
333,8.65,72,23,1
136,8.12,62,35,1
299,4.22,60,38,1
344,6.09,54,31,1
172,6.94,53,25,0
280,0.6,31,17,1
6,4.41,97,18,0
350,4.74,58,38,1
145,2.89,34,15,0
317,1.37,57,34,1
326,1.66,45,17,1
309,1.73,53,18,1
356,2.25,67,29,1
338,9.39,88,23,1
393,4.56,71,23,1
82,7.92,65,39,0
31,4.14,72,16,0
132,9.58,63,20,1
225,1.16,55,34,0
201,2.2,92,18,0
73,5.64,85,21,0
314,6.61,86,37,1
132,1.48,39,17,0
292,7.41,87,15,1
254,1.91,30,16,1
340,4.21,49,37,1
168,9.09,30,31,1
362,9.43,92,30,1
223,4.34,38,32,0
115,0.53,91,18,0
290,5.59,75,25,1
349,3.38,37,35,1
331,1.36,98,25,1
41,8.49,67,35,1
103,2.18,35,27,0
338,2.31,79,18,1
322,7.04,92,17,1
323,4.66,54,19,1
18,2.33,60,30,0
199,1.1,99,35,0
157,5.25,87,15,0
18,3.72,73,40,0
369,0.91,45,21,1
334,6.84,88,36,1
274,1.92,59,17,1
18,7.49,92,35,0
9,4.98,35,22,0
359,6.66,31,20,1
323,0.97,69,40,1
49,4.83,51,33,0
32,8.27,43,18,1
254,6.15,58,17,1
103,4.55,81,25,0
61,9.77,99,19,1
164,8.45,57,39,1
23,6.13,72,17,0
61,3.1,83,20,0
356,4.01,51,29,1
124,9.29,35,19,1
51,8.01,78,39,1
80,0.65,92,17,0
3,0.57,41,37,0
333,6.14,66,28,1
355,8.17,90,37,1
64,2.46,64,31,0
230,4.41,52,34,0
354,0.86,53,37,1
255,6.31,41,35,1
400,3.36,83,15,1
285,2.74,45,31,1
48,6.38,99,31,0
112,4.91,56,23,0
27,2.34,49,36,0
242,5.23,50,36,0
22,1.01,76,24,0
107,4.63,72,34,0
388,4.8,43,38,1
26,9.29,52,20,1
14,5.11,44,17,0
120,7.35,71,28,0
101,7.6,71,22,0
398,1.55,59,18,1
121,7.51,55,27,0
112,1.2,92,16,0
223,1.88,88,20,0
198,4.05,88,38,0
99,6.5,64,21,0
171,1.71,37,23,0
69,1.56,89,29,0
214,2.13,73,22,0
151,6.23,51,33,0
283,8.62,41,28,1
267,5.15,57,33,1
242,8.45,65,15,1
373,4.57,61,22,1
167,4.63,58,33,0
76,9.18,30,28,1
22,0.88,90,38,0
393,5.29,84,31,1
201,5.05,42,29,0
253,2.78,31,37,1
374,4.36,57,19,1
183,3.31,41,15,0
245,6.86,50,37,1
235,8.65,33,29,1
237,7.83,81,20,1
189,6.45,30,35,1
36,4.16,72,31,0
16,3.32,64,37,0
313,5.65,56,40,1
350,1.27,72,38,1
28,5.39,76,16,0
56,4.14,89,34,0
20,3.97,52,35,0
286,7.2,56,19,1
171,2.77,44,35,0
244,7.51,56,39,1
381,7.73,71,26,1
136,5.28,84,23,0
27,1.1,74,29,0
248,5.26,45,30,0
363,5.55,98,24,1
231,6.4,38,21,1
234,1.33,80,20,0
147,9.6,39,18,1
84,3.12,48,30,0
77,8.81,96,35,1
11,3.29,99,19,0
242,3.79,86,38,0
330,0.7,54,17,1
11,8.78,59,31,1
330,3.69,73,35,1
330,7.97,92,33,1
340,7.12,100,29,1
234,3.39,46,40,0
156,2.13,63,22,0
247,4.03,66,39,0
24,1.91,66,29,0
85,6.38,50,37,0
274,3.21,52,37,1
354,9.09,49,20,1
121,1.61,70,33,0
64,4.69,77,20,0
105,5.84,34,36,0
162,9.79,48,26,1
229,5.63,50,32,1
154,1.65,33,27,0
255,7.8,88,25,1
79,0.54,99,31,0
169,6.65,67,30,0
148,9.71,48,40,1
289,7.42,86,25,1
352,1.57,91,16,1
71,6.94,44,24,0
12,4.32,58,29,0
182,1.38,37,34,0
328,2.35,97,22,1
400,9.39,65,21,1
11,1.29,87,36,0
343,9.6,95,27,1
99,5.16,95,16,0
341,3.93,48,37,1
218,4.01,77,15,0
145,3.78,69,29,0
287,1.33,86,38,1
212,8.14,66,20,1
372,9.72,84,38,1
212,1.83,41,19,0
106,3.38,97,25,0
33,9.36,78,17,1
3,4.39,64,28,0
89,5.78,47,21,0
95,8.41,67,32,1
251,0.9,68,33,1
155,5.19,89,22,0
13,8.02,49,23,1
153,9.58,90,18,1
334,6.83,66,28,1
91,5.17,61,15,0
61,7.76,93,17,0
306,7.58,91,33,1
223,8.75,90,37,1
61,4.05,32,23,0
83,6.03,48,25,0
236,8.84,47,26,1
83,1,76,28,0
325,9.16,75,16,1
148,3.27,39,31,0
99,7.78,53,39,0
48,6.19,51,32,0
165,8.79,68,23,1
350,7.13,76,18,1
273,6.01,48,15,1
70,5.42,77,39,0
248,4.41,50,18,0
111,1.97,58,21,0
286,6.33,97,32,1
364,5.74,44,28,1
235,9.2,44,19,1
8,5.06,69,37,0
185,1.82,86,34,0
267,7.75,73,20,1
363,3.39,45,22,1
65,8.64,48,37,1
116,3.42,56,19,0
40,4.54,44,17,0
9,7.86,85,16,0
100,1.52,95,33,0
30,4.96,62,16,0
33,3.37,31,39,0
49,7.93,56,33,0
102,2.26,74,15,0
46,1.88,65,33,0
178,3.85,94,39,0
373,6.32,94,33,1
34,1.44,31,31,0
111,7.3,66,20,0
386,5.6,42,21,1
258,8.59,90,26,1
357,6.1,86,36,1
54,2.22,75,27,0
217,2.54,59,28,0
57,7.73,70,18,0
238,1.55,47,30,0
390,3.93,66,32,1
369,0.89,71,30,1
59,4.16,88,34,0
376,3.46,86,22,1
283,4.37,84,21,1
35,9,90,36,1
188,2.2,92,36,0
53,4.27,96,36,0
346,1.31,48,27,1
205,7.1,43,38,1
86,1.11,55,25,0
102,6.15,81,18,0
119,8.46,93,23,1
391,7.28,64,39,1
329,9.46,75,30,1
341,6.23,81,30,1
261,3.15,88,18,1
62,2.88,93,22,0
321,9.45,33,18,1
377,1,38,30,1
347,0.75,52,27,1
309,6.95,49,24,1
318,6.42,39,36,1
384,5.44,93,40,1
238,2.42,93,30,0
258,2.99,73,40,1
276,5.69,34,28,1
60,4.14,70,27,0
226,4.87,34,20,0
285,6.76,68,37,1
84,5.17,47,24,0
366,4.2,44,33,1
345,5.16,100,36,1
276,5.94,90,32,1
80,5.31,80,23,0
253,6.11,78,34,1
346,3.85,66,25,1
31,0.77,35,19,0
187,3.81,33,39,0
320,3.74,42,28,1
176,9.92,82,26,1
28,6.78,61,22,0
331,3.46,40,37,1
33,8.75,44,25,1
86,0.69,71,16,0
235,6.75,84,33,1
263,9.06,64,15,1
356,4.96,32,25,1
193,5.92,71,33,1
50,8.18,42,37,1
345,2.46,93,31,1
391,6.84,51,34,1
153,3.95,85,21,0
254,6.54,39,32,1
109,3.23,36,24,0
293,4.32,58,34,1
380,9.6,42,33,1
172,3.1,97,30,0
218,2.49,39,35,0
154,5.29,68,28,0
339,5.63,55,28,1
205,2.89,95,29,0
343,7.75,53,15,1
321,7.18,53,33,1
255,2.52,89,23,1
326,5.56,85,33,1
372,6.45,96,21,1
186,4.89,60,19,0
382,7.01,68,28,1
210,3.53,38,35,0
104,8.54,64,24,1
330,2.03,60,27,1
122,1.58,54,15,0
125,8.07,69,29,1
248,5.82,85,28,1
331,9.1,55,20,1
139,1.8,63,40,0
142,6.76,52,35,0
21,9.66,92,40,1
10,1.03,40,25,0
308,3.33,38,28,1
186,6.88,41,27,1
370,8.51,60,18,1
292,7.48,45,31,1
340,8.38,97,23,1
254,8.9,60,34,1
62,7.85,70,25,0
299,7.5,60,28,1
111,1.87,52,21,0
140,4.68,62,33,0
28,5.16,77,37,0
57,3.51,84,30,0
349,2.84,65,40,1
74,3.95,77,24,0
10,6.63,34,38,0
339,8.09,36,37,1
343,2.78,100,27,1
158,6.57,76,40,0
350,1.66,60,29,1
198,0.57,80,23,0
154,1.36,60,24,0
107,8.66,50,29,1
323,3.51,82,40,1
17,3.1,40,39,0
251,4.98,82,25,1
367,4.51,42,20,1
357,2.98,38,26,1
215,6.22,100,38,1
167,4.81,33,39,0
26,6.59,53,35,0
227,8.01,47,15,1
205,2.4,69,25,0
294,1.28,50,22,1
264,7.28,46,34,1
351,4.4,70,29,1
244,8.8,47,23,1
88,7.03,71,40,0
144,2.39,83,26,0
93,4.24,78,33,0
114,0.7,32,32,0
331,6.31,59,17,1
236,2.38,51,16,0
205,6.37,63,19,1
45,9.6,51,33,1
60,0.63,97,28,0
395,9.24,88,36,1
253,1.63,56,21,1
400,3.03,93,27,1
66,4.6,56,34,0
110,9.95,66,38,1
346,2.3,53,28,1
74,0.77,63,22,0
316,4.78,61,26,1
298,7,88,17,1
5,4.95,71,37,0
203,7.03,79,37,1
216,7.49,62,17,1
48,5.79,36,25,0
120,4.97,75,34,0
343,9.69,35,15,1
129,5.29,78,24,0
202,6.88,46,32,1
21,6.01,63,20,0
257,5.18,73,29,1
67,1.35,97,28,0
72,2.97,70,16,0
65,5.24,65,38,0
184,9.3,66,23,1
313,8.38,63,31,1
160,4.64,51,25,0
377,9.95,49,32,1
336,6.55,86,16,1
96,1.91,59,20,0
18,4.97,50,37,0
239,4.65,93,16,0
226,3.89,92,29,0
252,1.57,48,18,1
178,1.39,66,20,0
86,7.62,64,33,0
339,6.06,30,31,1
392,5.92,83,17,1
126,7.8,42,25,0
13,3.2,45,27,0
191,6.11,43,25,1
78,0.77,88,37,0
337,5.06,64,34,1
336,0.56,35,35,1
318,9.53,71,38,1
375,9.12,46,21,1
24,8.11,66,25,1
28,7.57,100,34,0
195,1.38,62,20,0
122,9.67,81,17,1
10,8.6,50,27,1
399,4.32,49,18,1
152,5.16,85,38,0
158,9.09,46,26,1
340,1.41,77,31,1
102,5.15,79,30,0
137,5.85,84,17,0
387,4.51,77,34,1
95,4.62,84,17,0
20,5.38,89,36,0
114,6.65,49,30,0
269,6.48,97,17,1
148,4.95,40,40,0
244,3.35,46,36,0
153,8.49,96,28,1
151,5.9,100,17,0
23,5.38,95,28,0
211,1.4,62,26,0
130,6.06,94,15,0
58,7.53,89,20,0
93,8.51,35,17,1
213,8.83,68,25,1
300,7.38,87,34,1
135,3.74,53,21,0
94,1.24,63,36,0
54,4.62,32,15,0
202,1.61,51,35,0
244,4.87,81,36,0
381,6.22,92,24,1
316,8.22,76,37,1
344,9.65,80,40,1
154,1.33,47,15,0
97,1.56,32,37,0
96,8.66,56,30,1
332,1.88,60,28,1
320,8.65,98,21,1
44,3.36,89,19,0
242,4.51,44,20,0
78,7.52,86,30,0
241,0.69,87,33,0
124,2.41,80,16,0
170,0.57,85,28,0
253,7.5,100,24,1
18,5.13,92,31,0
302,7.38,92,22,1
365,1.08,32,28,1
295,3.5,38,23,1
331,4.46,90,18,1
253,6.42,74,29,1
357,4.64,50,24,1
371,2.33,74,29,1
118,5.32,73,34,0
366,6.74,46,24,1
370,7.26,83,36,1
334,7.48,90,40,1
82,6.41,66,37,0
383,1.32,91,19,1
88,2.4,92,18,0
212,9.46,93,24,1
120,2.49,36,15,0
183,8.87,75,36,1
81,2.16,94,16,0
32,3.71,44,34,0
116,1.65,58,30,0
132,9.94,75,39,1
23,7.82,64,19,0
353,8.8,43,37,1
25,9.3,86,40,1
234,9.65,44,18,1
400,6.3,43,32,1
21,5.32,51,35,0
60,8.77,76,20,1
372,3.28,86,39,1
259,5.23,42,19,1
331,3.96,47,18,1
103,4.67,83,39,0
393,0.56,90,25,1
146,5.3,40,23,0
190,7.29,83,26,1
322,6.82,49,39,1
385,5.53,59,19,1
219,4.43,82,29,0
264,8.05,76,15,1
226,1.88,31,37,0
264,9.46,40,25,1
161,4.32,51,28,0
31,4.24,34,36,0
328,1.93,37,35,1
365,8.09,96,24,1
214,4.32,100,24,0
369,7.56,74,15,1
143,9.05,48,37,1
206,4.74,56,32,0
319,7.99,86,37,1
176,8.93,81,39,1
101,8.87,40,16,1
275,3.68,46,31,1
276,3.2,41,31,1
282,3.47,73,39,1
325,2.02,33,40,1
276,6.13,60,39,1
155,7.4,94,18,0
374,1.07,77,23,1
321,5.32,45,16,1
387,6.68,45,29,1
152,5.94,30,29,0
173,9.84,98,34,1
119,3.83,66,36,0
366,5.94,47,37,1
193,5.44,61,18,0
167,5.41,54,39,0
184,4.82,48,37,0
217,8.37,40,17,1
31,4.54,46,30,0
109,4.74,77,36,0
269,4.33,96,39,1
202,8.78,93,35,1
216,9.97,92,38,1
213,8.33,48,31,1
65,5.11,88,19,0
360,5.38,97,18,1
355,2.52,90,16,1
382,1.99,77,18,1
308,8.6,44,18,1
189,5.93,35,31,1
78,1.62,69,26,0
155,3.29,33,40,0
73,1.85,83,16,0
156,8.95,57,20,1
378,5.14,45,32,1
178,1.14,35,28,0
246,5.94,87,25,1
400,4.08,46,39,1
70,5.3,88,39,0
230,6.84,49,38,1
166,1.35,82,27,0
119,9.05,73,32,1
23,9.6,86,38,1
142,6.64,51,37,0
12,5.93,69,32,0
330,1.68,40,21,1
316,5.65,36,33,1
267,2.3,90,31,1
9,1.64,98,20,0
9,3.11,56,22,0
361,8.47,86,17,1
273,6.27,81,33,1
23,5.17,32,25,0
223,2.21,33,31,0
162,4.13,41,18,0
50,5.65,66,19,0
93,2.93,41,19,0
157,9.55,51,16,1
314,9.63,53,15,1
365,1.06,79,18,1
163,1.85,71,23,0
192,9.44,45,16,1
103,2.78,60,30,0
260,7.65,79,18,1
137,1.08,89,32,0
208,1.12,33,28,0
324,2.72,32,23,1
283,9.65,42,22,1
390,5.77,46,24,1
290,4.36,40,35,1
256,2.43,48,26,1
276,9.86,61,32,1
216,9.63,87,16,1
0,8.22,67,35,1
85,0.51,91,23,0
306,2.88,78,26,1
323,2.52,95,24,1
23,2.03,98,33,0
35,3.36,80,37,0
62,8.39,65,28,1
107,6.3,70,36,0
175,6.53,87,23,0
125,6.79,71,25,0
107,4.87,72,15,0
354,1.77,30,34,1
243,0.54,31,36,0
88,4.43,92,39,0
201,5.61,39,32,1
15,8.98,86,36,1
63,3.85,78,34,0
183,4.17,31,18,0
236,4.02,54,29,0
4,2.6,32,39,0
143,6.97,75,21,0
46,8.25,68,40,1
367,2.6,93,26,1
18,3.17,56,15,0
100,9.85,80,18,1
142,5.91,93,20,0
282,2.34,52,17,1
301,1.72,38,19,1
132,9.37,59,31,1
373,7.93,54,36,1
11,9.92,98,34,1
129,6.97,88,15,0
218,6.59,36,25,1
221,8.52,82,23,1
62,6.96,89,30,0
185,5.41,35,38,0
114,0.95,83,32,0
229,3.5,80,21,0
171,1.28,33,38,0
115,9.79,84,17,1
127,2.37,72,24,0
32,6.45,42,15,0
245,4.6,33,33,0
320,9.38,62,22,1
55,5,73,16,0
170,5.44,60,17,0
397,6.2,86,39,1
48,6.44,45,17,0
31,9.21,78,25,1
355,1.12,46,16,1
226,1.02,85,17,0
52,6.94,36,24,0
195,4.32,82,22,0
306,7.98,31,29,1
196,4.91,84,34,0
317,1.46,33,29,1
264,3.62,54,18,1
52,0.62,38,33,0
99,9.09,46,35,1
260,2.93,83,30,1
371,6.4,53,22,1
70,8.07,37,19,1
159,6.05,95,35,0
386,3.9,99,39,1
74,1.9,69,34,0
175,3.27,31,31,0
300,6.75,48,16,1
121,5.32,36,28,0
176,2.36,55,35,0
103,7.96,73,21,0
341,5.02,89,34,1
354,3.65,72,34,1
153,4.48,50,18,0
232,8.82,35,30,1
112,9.24,58,37,1
117,4.93,57,22,0
246,7.48,72,40,1
378,4.07,81,20,1
3,3.95,39,26,0
15,5.77,48,24,0
225,2.35,76,16,0
15,2.39,66,20,0
112,8.91,52,25,1
283,2.84,55,15,1
90,8.51,42,15,1
346,1.8,44,25,1
107,3.4,60,26,0
190,6.78,97,40,1
319,8.88,38,18,1
73,8.89,46,40,1
97,2.32,78,37,0
191,3.52,84,35,0
125,9.25,54,32,1
150,8,71,22,0
27,6.48,65,19,0
260,9.7,92,21,1
372,1.27,90,40,1
339,6.34,51,31,1
198,7.64,95,26,1
255,5.43,52,25,1
364,4.05,91,37,1
253,5,81,35,1
298,6.67,56,22,1
103,4.79,60,27,0
111,3.41,78,33,0
80,9.39,77,23,1
281,1.31,40,24,1
227,5.43,59,33,0
21,4.92,73,28,0
230,4.94,82,26,0
254,3.51,78,15,1
91,4.7,63,35,0
38,3.91,40,24,0
256,5.37,40,40,1
141,9.3,42,18,1
36,3.92,99,21,0
170,2.37,72,23,0
154,7.58,65,21,0
361,6.24,47,39,1
366,7.53,63,15,1
394,3.35,74,40,1
206,9.49,31,30,1
334,5.37,49,27,1
116,2.66,56,30,0
119,5.4,100,39,0
239,7.36,89,25,1
43,3.47,54,28,0
394,9.45,83,21,1
224,4.77,33,26,0
71,5.99,46,24,0
377,0.59,75,25,1
115,4.48,81,39,0
398,7.06,68,25,1
300,0.72,34,19,1
78,9.78,72,33,1
322,8.09,80,27,1
104,9.51,38,32,1
197,2.29,43,25,0
291,9.64,68,17,1
87,1.49,100,20,0
16,8.35,92,15,1
95,2.39,79,24,0
105,2.71,97,17,0
232,1.05,96,15,0
87,3.6,82,27,0
80,9.9,46,32,1
214,5.04,38,27,0
105,1.73,56,24,0
221,8.27,90,20,1
309,5.96,69,33,1
103,5.27,88,23,0
103,0.57,48,29,0
32,8.33,61,31,1
168,9.15,92,29,1
236,5.97,41,24,1
330,8.87,88,26,1
358,8.51,68,27,1
313,8.32,52,28,1
127,2.21,85,29,0
196,9.15,53,37,1
291,1.41,35,22,1
80,3.1,98,24,0
341,9.2,57,30,1
210,9.93,100,18,1
188,1.23,43,31,0
392,7.91,82,29,1
84,2.9,94,16,0
236,0.75,89,27,0
175,7.59,54,27,0
19,0.6,44,37,0
69,3.61,89,30,0
236,1.15,100,36,0
124,7.28,86,19,0
241,8.29,50,20,1
9,6.27,52,24,0
63,5.58,80,20,0
39,6.88,31,36,0
139,1.96,75,20,0
110,7.29,98,21,0
226,7.12,96,35,1
339,7.31,43,27,1
353,3.43,36,34,1
2,0.96,78,39,0
103,9.32,77,22,1
102,1.37,83,15,0
7,3.7,54,36,0
342,1.1,42,40,1
340,2.09,51,16,1
212,5.37,71,25,0
287,6.45,56,32,1
202,9.42,45,22,1
109,1.51,71,20,0
7,4.32,70,15,0
199,2.52,58,17,0
336,8.24,77,16,1
34,8.91,82,24,1
392,6.19,43,37,1
274,8.02,51,23,1
48,6.2,79,36,0
394,7.09,72,20,1
325,7.74,70,36,1
246,1.14,32,34,0
299,4.76,95,35,1
379,2.71,31,22,1
10,6.36,45,24,0
121,7.51,61,34,0
40,1.07,77,30,0
151,2.42,78,21,0
328,0.86,86,38,1
168,1.78,70,35,0
389,0.88,83,35,1
147,7.63,59,38,0
169,3.76,56,32,0
27,9.11,61,40,1
351,7.11,58,34,1
195,5.45,53,29,0
322,0.56,92,17,1
98,1,48,21,0
64,1.37,100,40,0
104,2.74,40,28,0
371,4.94,51,38,1
101,2.83,52,34,0
127,3.38,87,35,0
103,3.08,91,17,0
184,4.28,51,30,0
225,4.52,85,39,0
79,8.29,91,15,1
390,4.12,40,39,1
153,6.15,49,32,0
372,2.17,78,29,1
156,4.81,78,32,0
310,5.07,72,19,1
366,4.96,49,21,1
2,0.62,94,38,0
371,4.06,81,28,1
202,9.72,77,27,1
250,3.42,39,28,0
19,9.93,45,27,1
289,2.04,85,23,1
394,9.17,74,31,1
363,5.14,77,37,1
29,6.68,84,38,0
126,2.8,34,26,0
323,7.21,33,37,1
340,6.63,63,34,1
233,9.47,48,23,1
126,6.22,50,15,0
59,7.82,79,27,0
361,6.07,40,31,1
96,8.82,51,28,1
129,7.07,94,32,0
337,8.92,69,38,1
210,7.65,41,18,1
325,5.94,74,19,1
137,7.61,80,37,0
157,0.56,51,30,0
0,1.42,83,31,0
213,6.72,85,20,1
90,4.06,47,21,0
249,2.23,44,29,0
290,8.24,53,21,1
30,7.62,54,23,0
209,4.69,43,35,0
85,1.26,40,27,0
63,3.13,73,15,0
299,2.73,92,36,1
389,1.46,37,23,1
384,9.57,35,18,1
108,5.46,30,27,0
308,5.44,64,30,1
242,7.69,84,25,1
189,6.98,73,25,1
122,9.44,81,27,1
312,1.04,75,25,1
51,0.53,81,38,0
71,0.74,45,31,0
143,9.54,61,26,1
231,6.37,90,31,1
211,6.77,30,35,1
164,0.66,76,16,0
376,3.59,86,22,1
310,5.1,40,26,1
219,9.42,90,36,1
358,9.1,79,24,1
310,2.35,48,31,1
292,7.96,94,16,1
65,5.23,41,24,0
344,9.96,89,20,1
228,9.57,91,36,1
276,2.79,57,20,1
385,9.47,41,18,1
222,9.94,33,20,1
167,9.08,65,22,1
368,2.95,90,36,1
63,6.82,98,35,0
371,5.17,72,22,1
294,7.78,38,35,1
175,4.08,78,35,0
328,7.96,85,40,1
119,2.62,44,24,0
44,1.56,73,38,0
303,9.4,44,33,1
188,1.71,70,27,0
295,7.5,69,16,1
302,5.59,79,28,1
163,7.83,46,31,0
339,6.22,58,18,1
202,0.59,88,25,0
74,8.25,67,22,1
255,6.96,48,34,1
145,1.89,34,34,0
163,3.43,45,23,0
361,5.95,57,30,1
149,7.19,78,16,0
170,1.95,56,38,0
115,7.15,36,39,0
91,8.64,80,24,1
337,9.17,50,15,1
280,4.23,84,36,1
242,9.91,80,27,1
36,5.51,66,24,0
356,9.27,100,27,1
49,1.74,36,37,0
155,4.85,50,33,0
70,4.7,91,24,0
74,2.49,55,38,0
333,0.59,43,36,1
75,4.08,84,36,0
86,9.3,42,26,1
242,2.21,36,18,0
263,6.68,85,19,1
321,7.36,61,16,1
60,2.79,92,24,0
352,6.16,52,35,1
381,4.07,41,39,1
237,8.72,78,23,1
323,6.71,77,15,1
61,1.61,45,30,0
328,6.85,95,22,1
11,6.08,91,23,0
355,7.58,53,27,1
247,10,85,24,1
292,1.69,71,17,1
365,9.13,98,20,1
207,8.22,32,27,1
284,8.27,97,30,1
32,5.43,98,37,0
333,1.68,56,36,1
60,2.22,53,15,0
284,4.75,70,18,1
20,1.72,56,35,0
82,1.33,62,39,0
17,1.3,45,31,0
152,3.95,99,20,0
216,9.78,30,22,1
153,0.94,96,40,0
150,6.76,86,19,0
295,5.16,70,31,1
180,6.26,95,21,0
352,1.44,35,22,1
18,2.29,68,21,0
68,6.22,57,33,0
183,3.14,84,17,0
281,2.92,78,35,1
83,4.3,40,23,0
346,4.54,48,32,1
104,1.17,64,35,0
356,6.63,77,33,1
336,6.65,95,34,1
83,4.49,49,25,0
222,4.1,61,17,0
138,1.68,44,36,0
280,4.36,72,35,1
45,3.95,72,39,0
139,1.89,58,23,0
5,1.43,58,27,0
53,7.94,45,20,0
269,7.42,69,33,1
250,1.41,74,37,0
292,8.72,100,23,1
311,1.44,36,20,1
162,9.49,79,20,1
176,8.16,98,32,1
304,8.88,81,30,1
303,1.71,31,36,1
262,7.28,46,19,1
193,5.89,64,16,1
371,6.57,77,37,1
398,2.87,83,37,1
234,2.24,75,40,0
239,5.27,65,28,0
266,9.45,59,24,1
325,8.65,69,28,1
394,3.47,41,35,1
40,1.23,60,17,0
84,5.97,40,38,0
146,5.76,93,40,0
5,9.64,84,36,1
260,9.36,47,30,1
254,5.39,98,37,1
63,4.35,54,38,0
3,7.28,98,38,0
176,2.82,97,36,0
311,0.9,87,20,1
345,9.34,97,22,1
89,1.21,47,31,0
180,9.55,84,30,1
194,2.12,44,25,0
347,2.87,99,39,1
60,3.26,91,24,0
135,2.52,80,21,0
156,9.33,95,16,1
237,8.98,92,16,1
182,0.56,88,25,0
152,3.86,30,26,0
369,2.27,75,15,1
51,4.59,55,17,0
270,5.39,49,28,1
63,9.17,30,19,1
393,6.74,58,30,1
202,4.06,76,28,0
93,5.6,64,18,0
224,6.73,86,20,1
71,3.86,85,15,0
183,8.89,55,18,1
97,3.21,47,27,0
215,7.57,34,20,1
341,2.39,91,36,1
136,1.63,92,32,0
253,8.1,46,25,1
384,7.76,81,31,1
371,9.27,79,19,1
56,9.6,32,19,1
79,3.77,31,39,0
350,2.75,73,28,1
305,7.51,85,30,1
148,3.18,40,39,0
219,2.85,49,38,0
261,2.28,65,39,1
58,8.71,61,36,1
219,2.38,43,37,0
373,5.27,53,21,1
302,6.47,49,22,1
61,1.76,34,23,0
98,9.33,84,15,1
315,2.4,36,27,1
208,5.49,59,22,0
172,4.55,37,31,0
218,6.62,68,18,1
137,3.95,74,37,0
214,2.85,36,20,0
20,0.51,71,21,0
146,4.98,42,28,0
94,2.9,92,26,0
171,3.39,42,36,0
6,6.99,46,25,0
184,7.54,76,38,1
398,6.09,77,22,1
332,3.12,79,17,1
54,1.74,45,16,0
300,9.7,54,21,1
360,4.73,42,17,1
279,6.38,68,38,1
242,9.9,55,32,1
369,1.96,46,21,1
214,5.73,62,39,1
286,9.76,76,29,1
322,7.31,85,17,1
247,4.48,94,40,0
11,2.09,65,37,0
66,3.25,37,40,0
355,2.31,80,30,1
350,5.56,95,17,1
84,4.66,95,27,0
287,7.9,81,34,1
139,2.47,30,20,0
292,2.57,31,40,1
262,4.83,97,23,1
155,8.6,67,37,1
137,5.75,51,22,0
23,5.57,67,16,0
327,1.91,65,19,1
138,8.8,36,35,1
127,9.9,56,32,1
59,0.51,74,35,0
309,9.74,71,17,1
361,8.9,63,38,1
68,4.38,67,25,0
29,6.45,31,26,0
112,7.44,65,20,0
131,9.73,98,36,1
398,9.42,43,38,1
381,7.04,62,35,1
324,6.24,56,29,1
112,3.58,56,33,0
322,8.17,80,19,1
228,2.7,85,26,0
75,9.07,41,30,1
92,4.86,52,21,0
291,5.16,53,35,1
144,0.7,50,20,0
201,7.03,54,17,1
73,1.18,61,29,0
330,9.72,42,38,1
269,1.8,31,34,1
51,4.09,32,18,0
6,7.75,35,19,0
127,7.82,64,19,0
321,6.2,31,40,1
54,5.65,73,37,0
43,2.42,91,39,0
288,8.98,50,24,1
169,5.05,61,16,0
278,7.07,99,18,1
10,8.34,43,32,1
151,1.47,83,19,0
0,9.17,33,22,1
218,4.16,75,35,0
146,2.65,79,36,0
366,8.32,44,30,1
86,9.91,58,18,1
144,3.89,72,18,0
184,9.27,40,16,1
309,1.94,84,31,1
171,6.2,84,19,0
341,7.03,66,26,1
53,3.08,93,36,0
188,9.36,39,40,1
1,8.69,49,39,1
335,1.89,48,27,1
228,7.35,91,17,1
57,5.99,65,19,0
46,3.57,46,20,0
392,4.16,70,30,1
217,5.07,82,34,0
325,3.67,61,27,1
214,5.72,98,32,1
252,5.56,59,27,1
42,6.02,83,31,0
295,7.88,58,37,1
44,2.73,30,21,0
8,3.94,90,19,0
56,1.07,74,26,0
398,8.28,67,29,1
73,8.43,100,28,1
124,2.5,58,16,0
382,1.81,48,27,1
375,0.75,84,26,1
27,7.16,39,30,0
304,8.77,33,19,1
187,1.84,61,17,0
6,5.91,83,19,0
391,2.23,47,38,1
270,7.14,68,30,1
210,7.36,86,40,1
330,7.1,66,18,1
79,1.07,34,34,0
384,2.15,50,15,1
202,8.41,88,32,1
364,8.38,94,24,1
363,2.66,50,23,1
47,5.45,46,38,0
108,4.3,37,22,0
200,2.25,39,37,0
239,5.04,81,27,0
84,1.02,77,35,0
217,2.35,43,18,0
39,3.95,72,15,0
122,3.18,99,18,0
33,2.51,31,39,0
158,2.28,55,35,0
16,2.78,40,33,0
289,0.93,91,16,1
24,3.49,69,15,0
182,7.64,80,31,1
99,3.49,80,38,0
182,9.75,42,25,1
208,9.02,94,18,1
257,8.17,49,15,1
300,8.06,91,33,1
19,3.26,49,36,0
237,1.25,41,37,0
118,8.9,48,39,1
367,2.03,94,31,1
373,6.28,96,39,1
174,4.75,46,25,0
148,3.92,85,16,0
364,7.85,79,22,1
106,9.97,39,19,1
290,6.46,93,18,1
7,1.85,69,32,0
400,9,93,18,1
232,3.48,67,20,0
34,3.16,76,26,0
45,1.18,88,23,0
242,9.8,86,35,1
71,9.43,92,16,1
186,8.66,81,28,1
317,9.21,46,29,1
187,5.37,70,26,0
42,6.98,94,29,0
134,8.84,35,34,1
329,1.04,61,37,1
287,0.58,43,24,1
192,2,81,17,0
114,4.19,89,36,0
47,3.81,89,35,0
273,9.05,89,18,1
43,2.21,43,27,0
393,4.61,81,25,1
33,3.51,92,21,0
359,7.54,44,23,1
232,0.86,49,30,0
74,6.58,70,33,0
16,9.88,78,16,1
185,8,90,21,1
27,2.51,32,39,0
350,4.52,62,35,1
90,1.29,38,23,0
207,1.28,87,28,0
268,2.53,63,20,1
27,1.38,84,25,0
385,3.32,55,26,1
214,5.08,98,37,0
82,9.67,85,26,1
354,5.92,31,32,1
400,8.99,55,17,1
370,6.85,48,25,1
340,9.87,70,15,1
77,9.02,48,30,1
162,1.58,82,23,0
266,7.36,87,19,1
324,4.77,42,16,1
111,7.58,54,28,0
356,5.69,51,34,1
193,2.55,56,21,0
347,5.98,31,26,1
186,0.65,69,31,0
63,7.14,88,28,0
210,3.84,99,28,0
267,9.75,72,18,1
90,4.86,77,20,0
283,6.15,99,28,1
195,3.21,85,35,0
145,7.17,42,17,0
53,1.35,32,34,0
210,1.48,99,18,0
324,4.72,34,36,1
148,8.59,57,22,1
397,4.82,78,18,1
100,8.64,45,26,1
237,4.42,80,15,0
191,7.93,94,24,1
137,8.86,63,24,1
212,6.9,30,28,1
16,0.65,49,40,0
191,8.49,96,38,1
307,3.52,51,33,1
220,2.8,80,21,0
315,6.62,36,40,1
295,4.58,79,38,1
88,4.33,70,31,0
81,4.66,42,37,0
64,5.29,80,39,0
321,9.21,100,20,1
165,2.44,41,15,0
223,0.61,49,15,0
316,7.22,40,33,1
195,0.74,46,29,0
324,6.5,75,20,1
122,6.7,58,24,0
99,5.59,61,38,0
399,8.17,78,39,1
133,6.76,65,17,0
73,6.46,43,18,0
235,9.31,45,18,1
72,3.18,53,17,0
39,5.2,76,21,0
200,1.46,32,28,0
37,5.12,39,21,0
351,4.49,70,35,1
230,8.18,53,24,1
5,9.08,34,18,1
175,9.94,91,34,1
307,5.69,50,31,1
379,2.92,45,21,1
310,0.78,32,31,1
262,7.73,57,26,1
58,9.04,33,25,1
70,2.59,46,23,0
140,5.07,41,26,0
362,5.74,67,29,1
381,8.19,85,31,1
204,9.26,62,20,1
101,7.03,65,27,0
52,6.04,69,20,0
105,9.56,92,28,1
228,4.53,64,25,0
318,1.52,79,28,1
102,5.89,77,35,0
32,4.77,34,31,0
129,6.08,67,34,0
330,9.53,97,26,1
203,0.78,53,40,0
165,4.58,53,26,0
125,1.19,77,26,0
74,7.91,45,15,0
163,7.04,72,21,0
238,5.89,71,22,1
287,1.13,66,34,1
108,5.51,43,32,0
142,7.3,39,33,0
330,4.51,85,25,1
163,2.38,36,40,0
252,5.24,65,28,1
61,1.68,51,34,0
167,6.12,60,33,0
10,3.21,30,29,0
145,1.75,81,16,0
273,9.22,35,25,1
330,0.65,90,18,1
212,7.37,65,25,1
385,3.79,40,32,1
396,3.48,36,27,1
152,7.12,88,30,0
328,9.69,45,26,1
316,1.48,58,16,1
5,1.82,71,37,0
370,4.64,51,17,1
97,7.38,77,32,0
2,9.37,36,23,1
22,1.55,68,17,0
135,3.63,78,23,0
357,2.12,47,33,1
235,1.64,70,19,0
385,6.05,82,35,1
228,6.85,96,31,1
123,5.99,92,23,0
164,7.84,91,22,0
47,3.01,67,37,0
42,3.85,61,36,0
331,7.49,56,37,1
39,1.21,93,16,0
108,0.62,57,29,0
197,2.29,43,25,0
106,8.23,97,31,1
160,7.72,69,37,0
232,6.73,94,18,1
66,2.58,76,27,0
231,8.74,95,21,1
399,4.3,38,23,1
216,2.06,69,33,0
331,1.47,89,18,1
381,1.55,32,29,1
95,3.03,90,36,0
271,4.8,63,18,1
281,1.3,85,21,1
77,4.27,85,31,0
170,1,64,26,0
50,0.97,78,38,0
216,2.34,54,27,0
90,6.14,97,34,0
252,5.43,43,36,1
25,6.64,44,22,0
58,1,34,33,0
136,2.77,98,18,0
141,2.65,81,27,0
201,1.46,64,30,0
105,2.12,56,26,0
326,3.24,66,38,1
1,1.4,94,37,0
318,5.03,69,37,1
122,2.12,38,20,0
95,3.66,88,19,0
6,6.83,84,25,0
10,2.19,63,17,0
87,6.95,31,34,0
180,9.71,30,30,1
126,4.99,35,15,0
290,6.96,67,22,1
268,5.28,48,39,1
48,1.45,72,29,0
251,7.48,99,23,1
339,5.12,76,29,1
6,8.36,68,37,1
170,8.97,91,18,1
138,7.01,32,19,0
210,8.63,48,26,1
254,0.79,85,26,1
105,7.57,54,27,0
327,1.53,65,35,1
347,5.68,87,31,1
89,3.02,74,25,0
200,6.1,65,24,1
97,0.89,96,37,0
175,8.42,45,28,1
232,5.88,74,24,1
56,9.71,93,36,1
75,4.93,49,31,0
148,6.43,50,24,0
249,3.24,67,15,0
232,0.89,66,33,0
63,1.01,69,15,0
220,3.85,30,16,0
128,1.81,66,40,0
257,6.82,49,17,1
365,3.07,55,28,1
299,9.22,67,22,1
16,5,75,22,0
347,6.55,84,27,1
50,8.98,68,34,1
159,2.15,85,36,0
165,8.14,47,36,1
393,2.4,47,28,1
283,2.4,69,17,1
152,5.88,89,32,0
93,4.07,85,18,0
70,5.5,70,31,0
350,7.27,89,26,1
218,4.93,82,29,0
14,9.17,33,39,1
215,1.34,47,34,0
154,7.97,95,26,0
65,6.4,67,16,0
386,8.53,46,27,1
343,0.56,96,29,1
27,1.3,64,35,0
54,3.67,42,24,0
289,5.07,72,16,1
62,7.53,95,38,0
367,1,56,31,1
73,5.84,93,19,0
114,9,49,24,1
321,3.45,30,40,1
248,6.42,55,18,1
34,0.5,45,31,0
49,2.85,43,30,0
12,8.41,86,27,1
28,9.3,68,27,1
247,9.84,60,32,1
133,8.31,86,36,1
315,1.67,48,35,1
11,2.26,60,20,0
261,7.55,99,21,1
243,5.06,67,36,0
51,9.61,93,26,1
341,3.11,79,37,1
54,4.91,84,19,0
14,3.19,45,33,0
199,0.6,68,16,0
330,6.68,86,16,1
181,9.65,89,38,1
234,3.13,50,26,0
256,8.63,94,21,1
178,9.07,97,27,1
262,1.1,49,26,1
335,7.33,73,29,1
366,8.66,47,23,1
390,6.76,80,17,1
330,5.1,90,34,1
337,2.21,94,39,1
337,5.49,46,37,1
165,6.09,74,33,0
316,8.38,38,16,1
15,8.59,50,22,1
49,6.82,93,36,0
243,3.57,59,39,0
375,8.06,43,20,1
372,8.98,83,17,1
31,6.31,44,16,0
383,1.19,77,34,1
323,8.49,52,25,1
55,7.14,78,19,0
326,5.95,55,21,1
129,5.17,66,22,0
103,7.55,85,31,0
98,1.32,33,35,0
342,1.41,34,40,1
71,8.99,76,39,1
208,5.9,39,25,1
94,6.98,97,30,0
97,8.41,90,31,1
180,3.89,47,40,0
34,4.67,78,17,0
291,1.24,96,24,1
51,1.62,59,16,0
307,5.64,32,22,1
148,9.26,62,27,1
360,3.9,50,24,1
38,5.58,60,31,0
312,5.25,81,34,1
29,5.69,44,33,0
241,9.4,63,35,1
15,0.81,83,23,0
102,3.68,37,19,0
104,5.7,72,39,0
339,9.17,37,22,1
252,1.19,34,26,1
36,9.52,40,32,1
245,9.49,64,38,1
21,1.49,93,31,0
115,6.68,85,30,0
155,7.92,59,15,0
28,0.75,55,32,0
311,8.67,32,32,1
246,1,78,37,0
64,4.58,84,32,0
70,1.6,45,34,0
188,3.84,73,28,0
29,2.76,41,33,0
5,2.66,98,33,0
23,9.91,31,38,1
127,8.22,39,16,1
64,4.67,66,16,0
160,3.82,61,24,0
66,6.26,91,36,0
62,6.74,39,23,0
278,2.46,75,22,1
227,7.27,76,39,1
282,3.28,61,31,1
136,3.53,99,31,0
53,1.01,82,37,0
318,5.12,40,21,1
70,8.49,96,22,1
156,7.55,56,18,0
190,7.39,48,16,1
120,7.13,88,18,0
10,5.24,34,23,0
142,6.09,68,17,0
30,3.15,79,30,0
9,8.7,79,29,1
22,2.63,78,20,0
337,4.6,36,36,1
156,0.8,74,15,0
311,7.67,73,23,1
385,6.11,33,25,1
371,8.38,85,28,1
400,7.43,37,40,1
55,5.76,66,32,0
237,4.53,96,23,0
83,9.62,89,38,1
121,1.75,31,23,0
349,9.53,40,22,1
394,5.66,73,33,1
202,0.87,65,26,0
137,6.76,31,18,0
157,5.9,71,23,0
91,4.72,32,29,0
4,4.93,75,30,0
326,8.52,57,28,1
29,6.01,40,23,0
312,5.74,38,29,1
92,2.95,65,23,0
253,1.71,52,19,1
316,6.73,59,18,1
335,0.87,94,29,1
296,3.51,100,37,1
116,1.08,63,23,0
8,6.94,75,32,0
367,0.92,60,26,1
55,1.24,86,18,0
261,1.24,56,25,1
292,4.03,83,17,1
328,4.55,66,19,1
12,3.6,76,25,0
208,9.03,77,30,1
150,6.41,50,26,0
22,3.26,49,33,0
13,1.51,57,40,0
160,5.35,95,40,0
297,7.27,57,27,1
298,0.81,49,27,1
390,9.98,40,17,1
114,5.87,100,38,0
214,5.62,45,31,1
26,6.27,97,31,0
225,3.51,54,33,0
150,9.16,72,22,1
393,9.79,59,29,1
161,7.61,44,37,0
123,4.73,82,26,0
40,3.84,94,17,0
185,6.71,59,29,1
214,2.68,46,32,0
125,7.88,82,36,0
299,6.83,63,40,1
146,3.74,45,17,0
209,4.5,48,33,0
253,6.51,55,20,1
232,0.65,45,28,0
134,7.77,90,38,0
51,1.7,34,28,0
12,7.06,39,19,0
263,8.74,79,28,1
181,1.71,60,37,0
150,1.63,73,33,0
311,6.36,35,17,1
378,9.25,87,28,1
322,4.77,85,24,1
387,5.03,47,38,1
93,7.38,95,17,0
77,9.01,77,36,1
332,4.81,71,29,1
90,5.33,65,39,0
49,2.71,93,25,0
24,5.86,97,33,0
260,8.52,84,24,1
165,4.15,52,19,0
21,8.23,56,28,1
265,3.14,70,18,1
177,3.21,45,24,0
140,5.12,58,20,0
147,9.42,63,34,1
385,1.51,59,36,1
142,1.84,56,32,0
260,7.67,33,34,1
20,9.62,99,32,1
99,0.56,33,26,0
104,3.18,84,38,0
227,5.45,88,24,0
56,7.3,45,29,0
221,5.19,41,19,0
142,7.45,44,26,0
40,7.57,58,38,0
38,3.61,94,25,0
141,4.81,95,36,0
397,1.2,70,16,1
221,1.45,96,25,0
97,8.49,34,35,1
321,0.58,47,33,1
192,8.79,58,36,1
100,3.02,49,30,0
95,7.47,66,19,0
101,6.53,41,31,0
370,7.62,30,28,1
34,5.16,56,37,0
91,0.87,63,34,0
194,6.49,60,35,1
178,5.1,53,24,0
118,8.81,92,30,1
322,4.23,75,32,1
246,3.31,58,18,0
386,7.76,83,29,1
166,2.85,84,18,0
90,4.91,70,36,0
58,3.8,80,37,0
65,7.85,91,40,0
250,6.21,60,15,1
148,3.05,57,40,0
209,1.08,71,23,0
345,3.52,80,40,1
226,4.54,63,16,0
137,5.11,58,25,0
325,8.28,69,29,1
209,2.6,51,32,0
105,7.91,44,34,0
312,3.63,99,15,1
369,0.7,78,17,1
399,7.19,75,39,1
392,5.75,36,31,1
107,3.94,55,20,0
274,4.26,59,24,1
82,9.15,72,28,1
110,5.75,61,15,0
18,8.53,97,18,1
256,4.28,92,16,1
80,3.19,33,22,0
323,7.84,61,16,1
139,7.62,78,35,0
205,1.75,64,17,0
39,1.2,83,15,0
7,7.56,99,34,0
77,1.41,80,21,0
310,8.66,71,28,1
262,7.56,68,23,1
234,2.43,63,35,0
295,4.98,67,28,1
47,2.61,82,32,0
142,5.09,98,31,0
125,4.13,93,38,0
201,9.54,99,37,1
55,4.8,33,27,0
394,2.71,77,30,1
288,1.54,69,25,1
73,8.19,40,18,1
287,2.11,92,33,1
127,1.3,81,34,0
242,5.47,59,16,0
392,5.19,82,24,1
379,3.71,49,16,1
164,7.05,82,15,0
137,7.06,92,32,0
255,3.47,60,25,1
236,7.23,95,32,1
378,9.93,40,18,1
217,7.14,78,19,1
387,0.63,96,38,1
62,2.08,86,18,0
19,8.91,93,20,1
320,8.13,92,19,1
383,8.81,83,27,1
4,3.32,85,24,0
368,9.26,64,31,1
165,6.34,77,33,0
332,2.08,67,31,1
350,2.44,77,31,1
309,2.89,89,21,1
169,9.31,47,20,1
268,7.29,90,15,1
162,4.45,49,30,0
34,9.94,30,24,1
359,2.28,42,32,1
234,3.64,37,34,0
239,6.15,38,26,1
325,5.81,58,26,1
321,0.63,54,23,1
145,8.3,84,33,1
373,3.4,81,23,1
287,5.64,55,17,1
303,1.95,57,23,1
91,3,43,19,0
267,6.08,79,25,1
294,7.83,65,40,1
377,8.78,90,21,1
86,0.53,59,21,0
46,9.33,48,19,1
84,5.02,30,25,0
39,9.01,36,19,1
261,8.17,84,36,1
241,3.61,94,39,0
60,2.79,80,27,0
396,4.16,90,26,1
159,8.47,70,31,1
40,8.89,57,20,1
324,8.42,48,28,1
286,4.7,62,36,1
61,5.8,85,35,0
178,2.19,76,29,0
394,6.87,84,21,1
315,5.82,54,27,1
191,2.2,31,21,0
226,3.93,54,15,0
300,3.45,42,26,1
129,5.28,31,34,0
139,0.82,65,35,0
245,4.28,62,23,0
320,1.04,33,37,1
241,9.97,88,30,1
88,5,99,40,0
53,0.86,33,34,0
365,1.96,52,19,1
42,4.49,45,16,0
227,6.56,37,25,1
49,8.65,65,21,1
335,6.33,32,25,1
344,8.56,70,37,1
86,9.1,76,31,1
7,9.44,81,28,1
341,6.86,38,21,1
389,5.26,64,17,1
88,4.71,65,34,0
101,7.04,82,20,0
325,7.59,30,24,1
140,5.83,45,25,0
238,5.9,41,33,1
237,1.34,41,20,0
373,1.32,70,33,1
320,9.67,51,40,1
5,2.57,77,29,0
41,8.83,61,24,1
348,6.6,54,38,1
386,7.51,69,16,1
194,7.21,52,23,1
71,5.87,82,22,0
96,3.09,55,20,0
151,2.96,86,23,0
47,5.15,76,26,0
395,6.6,87,35,1
351,8.4,34,33,1
197,1.98,56,37,0
222,3.8,66,21,0
175,7.15,94,32,0
380,8.05,41,31,1
395,2.5,57,29,1
133,0.8,44,31,0
337,6.5,90,19,1
239,6.07,77,33,1
193,6.75,34,25,1
359,1.49,75,15,1
81,4.5,72,25,0
331,9.08,53,26,1
156,2.05,99,20,0
385,0.71,88,33,1
294,7.1,81,30,1
124,2.9,77,34,0
172,5.08,81,24,0
20,9.72,59,39,1
259,1.52,84,39,1
137,9.56,81,33,1
14,2.06,51,24,0
305,9.67,97,21,1
290,7.64,46,36,1
170,7.99,36,17,0
158,8.03,48,40,1
177,4.86,51,29,0
0,6.76,55,20,0
154,3.42,53,22,0
104,4.65,61,19,0
350,5.78,77,15,1
244,2.01,42,30,0
281,7.02,57,30,1
342,4.07,89,37,1
124,7.75,42,27,0
65,3.52,47,27,0
395,3.61,66,36,1
373,8.79,80,32,1
36,3.8,33,22,0
311,2.19,60,26,1
185,3.73,30,34,0
306,7.64,39,35,1
117,1.81,54,16,0
108,3.37,41,25,0
196,6.71,84,19,1
145,3.46,91,16,0
133,9.61,83,20,1
83,4.28,96,18,0
238,8.16,74,36,1
375,1.46,81,40,1
6,2.03,46,33,0
259,4.15,88,15,1
248,6.71,81,28,1
394,1.02,84,23,1
379,6.52,87,31,1
190,7.92,72,32,1
186,1.56,52,28,0
272,7.72,40,19,1
3,3.7,63,21,0
263,8.22,88,28,1
24,4.92,35,18,0
250,4.87,36,34,0
351,4.01,84,25,1
345,3.31,33,32,1
136,2.2,75,28,0
8,4.74,68,35,0
18,6.16,75,38,0
18,5.55,80,22,0
89,1.3,42,19,0
372,1.87,93,28,1
140,3.78,88,37,0
316,2.82,97,33,1
234,0.89,71,26,0
19,1.89,42,27,0
262,9.81,40,25,1
326,7.62,84,27,1
11,2.25,62,38,0
334,7.56,40,28,1
59,8.04,63,24,1
315,5.38,61,37,1
25,4.06,90,21,0
389,9.39,65,38,1
352,7.89,65,31,1
343,0.93,81,20,1
347,3.21,30,28,1
106,0.68,83,36,0
66,3.11,89,34,0
325,3.52,58,22,1
9,7.24,58,17,0
313,3.23,88,33,1
215,6.53,72,32,1
199,5.02,31,25,0
174,3.54,86,19,0
236,8.62,93,21,1
272,7.13,79,23,1
206,0.81,40,35,0
249,5.83,74,17,1
106,7.61,97,26,0
155,3.27,70,29,0
345,4.94,49,34,1
299,2.08,75,33,1
220,4.45,32,39,0
145,5.79,92,22,0
192,9.25,46,27,1
310,9.51,45,18,1
202,2.57,44,33,0
148,2.2,50,39,0
398,9.85,81,32,1
209,3.84,57,28,0
306,3.15,76,35,1
54,6.81,70,31,0
274,5.56,58,27,1
253,7.69,66,29,1
80,9.28,52,27,1
147,0.53,72,39,0
237,6.73,42,27,1
297,6.7,83,28,1
96,6.55,58,19,0
312,6.39,40,34,1
292,7.46,32,25,1
312,2.87,90,36,1
46,9.54,32,38,1
307,8.89,79,32,1
261,8.7,50,29,1
188,7.37,60,20,1
241,9.4,55,25,1
67,3.28,33,21,0
295,4.88,61,36,1
308,4.71,60,40,1
90,9.74,94,35,1
56,8.14,72,20,1
125,4.89,38,15,0
383,0.81,82,31,1
240,8.69,39,40,1
213,9.6,98,18,1
366,7.88,98,37,1
12,4.67,37,24,0
203,8.37,35,26,1
204,7.31,95,35,1
332,4.68,45,18,1
74,8.55,44,38,1
86,3.98,73,19,0
124,8.06,56,23,1
49,3.64,39,29,0
363,5.17,61,39,1
133,3.75,86,25,0
230,7.15,65,34,1
18,7.73,48,31,0
147,0.75,77,33,0
185,7.28,69,37,1
81,5.89,69,30,0
365,4.68,67,19,1
380,8.15,46,19,1
311,3.28,79,23,1
326,2.67,57,33,1
155,1.91,31,23,0
186,7.35,96,27,1
244,6.38,51,26,1
329,1.98,94,25,1
267,4.06,92,35,1
86,8.77,91,20,1
247,9.02,31,36,1
33,3.75,69,21,0
114,1.93,45,35,0
100,3.89,88,33,0
326,9.11,97,22,1
379,2.42,34,27,1
320,1.44,72,31,1
34,3.08,98,38,0
275,8.79,37,29,1
290,5.47,61,23,1
378,2.24,61,22,1
353,7.32,52,16,1
311,3.02,65,17,1
380,2.31,38,19,1
267,3.38,56,22,1
124,6.06,91,29,0
50,5.6,36,25,0
324,1.19,91,18,1
226,1.29,55,18,0
277,6.1,92,24,1
291,0.59,85,18,1
368,8.92,54,33,1
325,6.34,88,15,1
128,7.67,64,30,0
323,2.18,94,30,1
263,3.2,68,23,1
272,2.87,65,36,1
287,5.28,86,18,1
387,9.48,92,15,1
163,8.99,95,30,1
253,2.05,38,39,1
221,6.89,42,29,1
175,6.56,98,20,0
99,7.9,59,21,0
157,5.27,70,39,0
271,4.98,68,34,1
107,5.92,49,25,0
80,2.32,80,40,0
87,8.6,50,25,1
264,9.82,83,39,1
371,3.06,63,30,1
155,4.02,69,25,0
372,3.86,70,29,1
157,4.54,80,39,0
213,0.55,81,16,0
209,3.86,47,29,0
392,3.1,55,21,1
338,7.31,67,26,1
12,3.56,78,25,0
285,5.82,55,40,1
110,6.37,86,23,0
54,1.21,50,25,0
370,5.06,90,16,1
399,6.76,92,22,1
143,9.88,78,16,1
51,1.03,73,23,0
275,4.01,66,18,1
241,1.78,39,25,0
396,7.46,49,19,1
301,3.34,55,32,1
45,4.66,71,33,0
279,7.75,63,32,1
271,8.26,32,19,1
395,7.81,70,26,1
395,4.74,57,20,1
164,4.95,88,26,0
170,2.39,63,23,0
309,7.6,32,19,1
61,6.6,84,27,0
249,8.08,97,16,1
262,4.05,85,16,1
258,8.79,71,40,1
275,5.17,72,35,1
34,7.48,41,32,0
399,1.57,50,40,1
262,8.54,41,33,1
239,6.3,54,39,1
37,7.79,85,23,0
238,4.79,49,35,0
169,1.19,73,29,0
270,7.92,85,15,1
205,5.96,30,34,1
199,0.68,58,25,0
218,1.93,58,33,0
345,7.79,98,29,1
334,6.82,75,37,1
295,1.95,48,21,1
157,2.23,33,32,0
308,9.47,35,39,1
65,5.63,38,25,0
161,9.32,56,21,1
155,2.05,64,22,0
111,7.84,33,19,0
225,1.67,78,15,0
227,8.74,56,27,1
25,4.74,81,21,0
105,7.82,45,17,0
89,5.31,96,18,0
83,7.69,45,30,0
379,6.25,70,28,1
97,2.5,41,40,0
259,3.92,62,31,1
57,9.48,32,15,1
194,8.13,81,18,1
181,3.92,69,17,0
222,9.49,68,22,1
359,1.3,79,30,1
8,9.54,65,38,1
331,9.02,35,19,1
127,2.18,31,19,0
265,1.98,90,39,1
19,1.08,56,38,0
338,3.28,83,20,1
214,2.14,96,19,0
379,8.19,53,26,1
56,7.97,33,30,0
104,3.41,77,23,0
318,3.55,33,25,1
14,8.94,34,38,1
73,9.18,35,32,1
193,7.74,97,20,1
80,1.45,74,22,0
47,4.49,38,18,0
243,4.91,83,32,0
225,1.78,30,24,0
243,4.96,62,19,0
165,6.74,76,34,0
342,7.3,91,30,1
383,8.4,55,19,1
112,5.39,48,22,0
337,1.28,42,37,1
206,3.18,43,22,0
115,2.88,68,25,0
363,9.75,96,31,1
295,9.88,64,39,1
67,3.62,77,36,0
74,6,34,38,0
197,6.5,55,20,1
7,1.86,34,40,0
121,2.04,71,15,0
292,5.07,74,21,1
321,8.76,81,29,1
109,4.81,63,32,0
225,1.62,65,35,0
393,5.39,73,25,1
95,2.93,92,39,0
281,4.84,42,36,1
175,7.75,63,17,0
400,3.97,33,32,1
64,1.4,88,18,0
61,5.73,67,19,0
177,3.42,85,32,0
42,9.68,94,20,1
203,8.29,95,21,1
72,8.48,58,39,1
8,2.39,75,31,0
307,7.91,97,31,1
24,8.1,76,32,1
117,7.09,97,20,0
191,2.01,51,35,0
324,8.66,58,39,1
366,1.94,84,21,1
142,0.96,81,24,0
199,9.06,83,30,1
239,3.56,68,15,0
38,2.89,69,21,0
375,6.32,38,16,1
386,4.4,48,30,1
82,7.76,61,27,0
81,6.64,80,33,0
99,2.86,74,17,0
115,9.65,65,19,1
205,1.67,49,21,0
227,1.85,65,39,0
167,0.6,45,31,0
159,5.48,90,22,0
338,4.66,45,32,1
380,6.3,49,17,1
386,9.15,73,23,1
20,4.12,62,18,0
320,4.93,51,37,1
354,8.72,92,39,1
149,2.63,43,17,0
374,6.23,76,22,1
340,5.2,85,28,1
29,6.56,65,38,0
375,3.12,62,35,1
260,3.62,62,26,1
42,0.62,92,22,0
299,5.2,85,36,1
136,1.49,92,32,0
310,8.46,78,34,1
265,8.77,78,16,1
308,1.52,42,33,1
48,1.62,60,26,0
297,6.89,83,27,1
367,7.57,74,35,1
225,8.6,96,16,1
204,8.23,85,36,1
13,2.55,53,15,0
322,9.49,42,24,1
211,8.12,88,23,1
183,8.27,74,26,1
127,3.13,36,25,0
234,7.14,63,39,1
82,2.49,100,35,0
164,7.54,74,39,0
88,8.52,41,25,1
180,6.36,59,25,0
156,1.46,41,35,0
207,3.47,93,35,0
95,7.69,55,23,0
362,5.11,73,40,1
224,9.01,50,20,1
165,0.65,54,33,0
158,9.13,67,39,1
286,5.61,80,34,1
356,1.22,41,17,1
364,6.18,81,23,1
74,7.3,98,26,0
203,1.76,79,18,0
376,8.24,67,34,1
291,9.72,71,22,1
226,8.35,61,32,1
79,6.84,65,15,0
253,2.63,58,22,1
115,4.68,57,19,0
6,3.32,32,34,0
247,8.46,83,32,1
282,9.98,54,28,1
95,8.56,81,35,1
294,8.94,79,38,1
133,7.21,76,40,0
134,4.6,76,22,0
163,5.63,39,37,0
68,3.56,61,40,0
275,6,42,40,1
259,7.23,98,25,1
53,8.17,59,38,1
178,7.32,100,22,0
238,3.06,36,29,0
316,4.66,85,17,1
87,0.71,87,32,0
332,1.05,74,30,1
361,1.9,75,17,1
368,3.12,62,38,1
14,7.28,92,28,0
360,7.76,47,27,1
110,6.79,69,32,0
356,6.91,72,22,1
291,8.08,95,28,1
73,7.78,70,15,0
312,1,75,33,1
61,7.86,39,34,0
32,5.53,50,38,0
99,2.86,52,20,0
15,6.67,93,38,0
61,3.65,42,27,0
293,7.16,79,40,1
208,4.12,90,19,0
175,2.24,69,26,0
90,7.22,62,30,0
46,2.25,81,21,0
116,3.84,40,25,0
231,7.64,97,23,1
10,8.85,37,32,1
30,6.99,42,20,0
0,9.65,97,15,1
2,3.61,69,15,0
290,5.85,38,20,1
96,6.55,93,20,0
274,2.57,74,18,1
349,9.17,77,33,1
90,8.97,52,31,1
76,8.24,86,15,1
318,0.87,98,40,1
61,8.17,69,24,1
55,3.82,53,33,0
265,2.09,42,30,1
98,6.23,73,29,0
337,5.71,79,40,1
229,9.47,100,17,1
173,2.84,48,22,0
251,2.29,81,16,1
183,1.06,91,40,0
337,7.22,42,31,1
46,6.8,71,31,0
288,5.96,98,31,1
201,7.69,55,24,1
164,1.79,55,24,0
320,4.55,85,27,1
42,5.16,92,18,0
164,5.83,79,24,0
254,9.93,66,39,1
350,7.14,97,16,1
96,9.49,69,33,1
382,9.05,99,20,1
328,3.48,36,32,1
14,0.95,68,27,0
96,3.84,98,16,0
350,8.8,95,31,1
91,5.33,35,21,0
50,4.84,53,22,0
364,3.54,56,30,1
105,5.93,31,16,0
195,2.46,44,24,0
2,9.09,72,20,1
199,8.35,77,27,1
22,1.98,61,34,0
342,2.95,84,36,1
292,7.25,69,21,1
334,7.5,64,28,1
353,0.6,82,27,1
142,8.51,54,39,1
249,2.91,31,35,0
354,4.26,87,19,1
339,7.05,39,35,1
58,1.6,92,17,0
93,5.6,51,38,0
131,9.58,80,24,1
274,3.22,63,18,1
389,1.63,55,17,1
284,8.54,55,19,1
265,9.96,90,30,1
55,1.56,34,27,0
94,1.29,38,22,0
223,6.35,86,38,1
73,4.7,35,36,0
257,7.78,54,39,1
107,7.39,35,33,0
7,9.51,73,23,1
89,3.83,55,35,0
28,4.22,49,24,0
258,1.1,53,35,1
99,3.69,86,15,0
225,1.16,61,34,0
270,3.23,50,19,1
280,9.66,37,18,1
350,1.12,96,32,1
8,6.38,51,38,0
164,4.02,48,18,0
350,2.72,78,15,1
288,1.05,79,39,1
290,1.64,58,39,1
321,0.83,99,17,1
10,6.66,90,33,0
330,4.17,79,29,1
383,2.76,92,34,1
128,3.78,88,30,0
78,4.82,76,22,0
73,3.23,52,27,0
131,8.88,77,38,1
10,4.6,68,19,0
21,4.87,99,22,0
205,1.69,75,21,0
207,4.5,83,29,0
375,4.8,79,29,1
186,3.71,81,19,0
370,5.53,61,21,1
364,2.31,54,38,1
337,7.95,76,29,1
280,8.69,82,26,1
329,3.42,80,19,1
240,1.53,87,24,0
396,8.77,82,16,1
102,2.56,100,20,0
337,4.15,96,28,1
92,9.46,33,37,1
105,4.17,52,23,0
381,6.97,49,35,1
205,5.96,55,19,1
210,3.51,61,38,0
66,7.74,92,25,0
312,9.36,97,38,1
321,8.82,42,40,1
33,1.31,31,16,0
169,8.6,70,26,1
103,7.56,57,24,0
33,3.95,70,33,0
228,5.01,52,24,0
155,1.46,50,19,0
83,4.44,98,34,0
209,2,100,35,0
240,7.15,65,37,1
127,9.77,48,29,1
49,7.68,47,27,0
242,4.1,51,39,0
10,6.07,76,29,0
299,5.93,87,15,1
251,9.49,74,25,1
43,8.92,38,20,1
69,6.43,80,19,0
56,9.93,55,35,1
164,3.28,40,26,0
308,9.84,93,15,1
318,8.96,83,20,1
186,8.59,54,31,1
143,9.83,33,30,1
163,9.11,36,35,1
122,7.15,63,29,0
221,3.71,64,38,0
388,6.74,40,25,1
282,0.8,31,38,1
293,0.68,78,21,1
240,4.11,34,37,0
344,3.07,78,25,1
187,8.13,84,28,1
362,3.75,74,38,1
133,5.75,92,24,0
136,1.29,87,36,0
43,8.15,70,31,1
58,0.72,46,40,0
390,1.52,39,20,1
191,1.12,60,39,0
44,8.71,31,38,1
6,7.5,73,34,0
36,1.98,88,35,0
169,7.97,43,34,0
62,1.03,47,21,0
381,9.3,53,17,1
367,9.54,30,28,1
351,2.71,36,37,1
40,4.18,97,21,0
243,8.27,93,34,1
361,2.27,66,38,1
346,6.12,37,29,1
94,5.32,40,20,0
101,3,99,33,0
96,7.15,39,21,0
95,8.56,59,20,1
202,6.54,67,34,1
211,5.31,66,21,0
218,2.88,74,38,0
123,5.54,62,24,0
386,2.03,37,17,1
252,3.77,37,34,1
386,8.27,40,36,1
391,9.04,87,15,1
381,6.91,70,33,1
394,9.21,76,37,1
348,6.25,38,33,1
134,7.41,70,29,0
183,7.55,91,26,1
255,3.35,92,25,1
279,9.99,54,22,1
300,2.12,75,28,1
238,8.86,71,40,1
206,4.9,89,29,0
78,1.85,79,28,0
12,8.8,70,27,1
323,1.92,76,15,1
222,8.02,52,19,1
303,9.49,57,18,1
8,4.22,49,23,0
172,2.38,93,27,0
81,3.38,100,23,0
116,2.3,93,28,0
222,9.5,50,30,1
340,1.07,43,17,1
165,7.21,67,19,0
120,5.43,93,40,0
110,4.46,31,24,0
323,2.01,69,36,1
316,4.58,45,34,1
66,5.53,73,38,0
191,8.17,46,26,1
289,9.72,38,15,1
228,4.02,61,21,0
167,7.04,70,35,0
243,7.97,73,33,1
169,7.13,46,25,0
400,6.51,59,37,1
303,6.29,61,30,1
288,4.96,32,25,1
261,8.87,79,39,1
75,6.42,40,31,0
251,4.9,64,17,1
230,4.2,54,40,0
394,3.12,48,26,1
398,1.06,61,22,1
324,0.53,75,34,1
247,5.84,64,25,1
248,9.86,98,21,1
330,2.29,45,24,1
375,1.08,54,31,1
258,3.18,78,28,1
358,8.28,31,24,1
133,2.44,67,15,0
14,6.69,83,17,0
188,4.92,48,29,0
320,4.13,50,34,1
227,7.71,43,23,1
233,3.12,88,24,0
83,6.07,71,15,0
63,1,71,32,0
244,4,70,38,0
192,5.73,85,35,1
165,4.26,71,34,0
389,0.83,66,25,1
289,7.69,35,31,1
28,7.37,46,30,0
32,9.31,47,19,1
52,5.47,60,17,0
386,3.92,75,25,1
41,4.42,38,30,0
205,5.68,97,28,1
328,8,49,32,1
45,8.24,87,20,1
59,7.75,63,22,0
122,1.04,33,16,0
329,8.51,58,30,1
21,0.9,59,19,0
70,5.26,71,27,0
387,6.53,80,15,1
261,7.77,93,15,1
342,7.29,83,32,1
34,0.88,34,21,0
117,6.04,30,26,0
359,1.27,77,31,1
84,4.27,49,32,0
3,9.19,66,23,1
284,4.06,79,20,1
103,7.66,62,25,0
100,3.61,63,27,0
61,6.68,87,15,0
228,6.23,95,39,1
207,2.44,44,16,0
198,8.14,56,21,1
388,5.92,68,37,1
345,2.54,68,26,1
237,1.02,59,33,0
129,2.56,33,24,0
6,2.56,53,25,0
105,5.25,79,38,0
167,4.85,80,34,0
385,2.07,92,30,1
287,6.17,61,17,1
315,1.52,30,15,1
317,0.98,31,23,1
0,3.38,78,38,0
290,9.63,42,16,1
188,2.55,54,28,0
379,8.83,39,23,1
213,6.71,68,39,1
17,9.04,68,19,1
134,4.84,56,18,0
325,7.57,33,30,1
89,0.64,41,38,0
120,4.82,64,23,0
11,7.18,91,17,0
374,7.07,57,17,1
203,6.94,33,16,1
254,4.61,89,28,1
89,9.74,35,36,1
32,9.61,65,37,1
144,7.33,55,40,0
136,0.73,64,21,0
120,7.05,30,35,0
22,8.8,85,32,1
359,5.14,59,37,1
380,0.95,76,17,1
306,3.99,90,32,1
83,4.05,77,38,0
282,5.64,71,38,1
327,3.79,52,33,1
205,4.04,74,39,0
149,1.9,93,36,0
277,4.37,85,17,1
308,2.91,47,25,1
183,6.63,87,39,1
276,8.69,51,16,1
175,5.31,48,34,0
174,5.63,50,40,0
293,1.83,56,37,1
202,1.28,83,18,0
256,5.67,96,18,1
294,0.54,100,36,1
84,7.53,72,30,0
59,3.59,77,32,0
202,5.47,80,22,0
295,3.84,82,37,1
384,9.89,58,35,1
329,4.81,54,37,1
0,8.99,94,40,1
55,5.2,39,37,0
156,2.8,81,24,0
107,5.65,42,21,0
12,0.65,67,18,0
106,2.26,39,17,0
129,4.8,45,28,0
183,6.79,31,37,1
305,3.35,79,26,1
106,3.39,91,35,0
314,6.14,92,16,1
255,3.54,33,23,1
358,5,79,39,1
275,7.81,84,37,1
300,6.39,74,36,1
251,9.95,78,16,1
249,7.71,41,30,1
129,5.67,40,22,0
370,8.39,42,29,1
194,7.62,60,34,1
240,0.83,69,32,0
397,7.19,87,21,1
314,4.4,31,36,1
65,6.14,33,31,0
227,1.16,53,29,0
140,7.12,79,40,0
274,6.71,36,23,1
299,1.62,96,30,1
89,9.07,67,20,1
20,3.26,72,28,0
56,7.02,39,21,0
246,5.12,30,27,0
397,7.57,52,39,1
192,0.92,53,22,0
174,8.72,93,22,1
365,4.72,44,18,1
84,1.82,33,29,0
254,3.98,85,15,1
362,5.49,77,35,1
278,1.51,90,16,1
142,4.64,84,17,0
33,1.33,75,30,0
205,5.32,61,19,0
61,0.73,41,33,0
95,6.81,87,36,0
279,4.05,63,30,1
34,9.72,53,33,1
211,1.6,35,22,0
103,1.9,47,38,0
359,4.21,77,16,1
261,7.99,44,31,1
340,3.03,97,15,1
155,8.86,47,25,1
124,8.68,57,21,1
339,5.01,91,21,1
50,2.14,100,35,0
321,5.64,39,19,1
341,1.71,95,19,1
389,1.15,95,17,1
289,2.06,82,35,1
185,9.41,63,28,1
30,7.65,35,25,0
399,4.25,54,36,1
371,9.34,80,29,1
310,8.45,58,38,1
65,5.05,95,28,0
330,8.78,50,22,1
306,5.45,93,39,1
38,4.61,33,28,0
33,5.84,48,39,0
328,0.88,65,27,1
143,4.91,73,24,0
274,6.25,69,30,1
261,5.13,47,30,1
172,1.36,92,25,0
272,5.41,38,23,1
322,3.05,64,24,1
304,5.38,70,25,1
122,5.88,74,24,0
98,8.34,96,36,1
210,3.15,84,36,0
337,2.29,47,40,1
394,7.04,54,36,1
351,3.93,99,32,1
164,2.44,89,33,0
266,2.15,67,35,1
126,2.45,73,20,0
331,8.19,77,22,1
200,5.1,64,33,0
235,5.61,48,23,1
310,1.18,45,27,1
281,9.85,30,17,1
96,8.21,62,30,1
232,9.38,100,33,1
141,5.36,83,21,0
136,0.98,84,35,0
250,6.16,90,28,1
198,3.47,47,20,0
62,3.93,36,16,0
35,3.13,100,32,0
137,1.71,42,38,0
351,4.52,35,36,1
290,1.07,44,25,1
319,7.34,66,28,1
123,2.69,64,32,0
181,8.49,49,15,1
283,6.05,58,20,1
196,2.43,32,20,0
46,5.93,64,40,0
248,1.68,61,28,0
113,2.8,51,20,0
112,3.15,30,22,0
343,3.43,79,29,1
109,2.71,40,28,0
364,4.72,49,38,1
196,8.58,78,15,1
277,7.77,56,36,1
251,4.65,97,25,1
164,0.7,94,34,0
198,8.46,56,26,1
73,7.18,78,20,0
206,2.47,70,26,0
207,3.1,67,22,0
194,6.2,90,15,1
351,9.39,61,35,1
357,1.11,32,27,1
292,3.78,78,15,1
251,4.64,87,28,1
45,4.65,74,22,0
137,3.98,63,30,0
80,2.1,96,34,0
271,8.2,34,27,1
186,0.96,59,17,0
362,9.2,41,34,1
356,5.75,62,17,1
268,9.35,87,19,1
150,1.85,85,23,0
95,2.68,69,20,0
266,1.13,41,34,1
26,5.94,52,24,0
280,4.97,84,20,1
120,0.66,55,34,0
364,1.23,42,23,1
400,2.2,45,39,1
236,5.76,77,38,1
91,1.95,53,22,0
4,3.59,51,39,0
139,5.38,32,31,0
258,9,80,19,1
85,0.96,49,19,0
123,8.69,77,33,1
400,3.15,61,29,1
89,7.25,61,20,0
327,6.26,35,17,1
193,1.79,66,29,0
270,8.09,80,32,1
277,7.4,97,29,1
331,9.46,75,40,1
310,5.99,81,39,1
128,5.47,82,20,0
257,8.65,46,40,1
18,2.47,77,24,0
59,6.24,82,27,0
192,3.35,33,25,0
249,2.39,32,21,0
222,7.86,48,29,1
302,8.01,47,35,1
154,4.27,48,15,0
116,9.08,62,30,1
204,4.93,89,26,0
104,4.9,83,16,0
125,9.5,42,24,1
191,1,89,27,0
334,8.79,39,34,1
150,3.87,95,32,0
244,0.88,91,17,0
180,3.65,69,31,0
84,0.61,42,19,0
381,7.26,64,16,1
12,5.34,96,26,0
12,4.76,72,40,0
313,4.87,71,24,1
188,0.98,96,33,0
63,8.89,92,28,1
390,5.38,100,38,1
383,5.88,38,19,1
193,3.64,86,38,0
369,6.53,48,19,1
390,9.19,41,34,1
196,3.12,58,16,0
22,3.38,47,21,0
214,5.91,83,40,1
77,4.56,62,21,0
0,9.91,50,16,1
135,7.41,38,22,0
239,9.19,51,36,1
252,1.59,88,40,1
175,6.36,77,30,0
132,5.98,100,38,0
169,6.5,71,31,0
79,6.84,96,36,0
142,8.16,61,22,1
11,4.62,64,25,0
260,3.36,81,16,1
302,3.35,62,18,1
75,5.77,58,22,0
237,9.1,42,37,1
277,5.31,82,38,1
204,4.48,72,24,0
41,2.8,91,36,0
33,7.86,37,28,0
207,8.24,49,28,1
242,9.79,72,26,1
60,3.43,92,30,0
202,6.09,81,28,1
120,3.22,51,25,0
81,6.18,78,17,0
51,1.28,31,19,0
276,4.57,41,40,1
357,6.66,36,15,1
241,2.19,47,24,0
187,6.95,75,36,1
292,1.33,51,24,1
169,1.45,40,16,0
314,0.5,54,40,1
87,9.02,92,18,1
136,6.14,97,17,0
313,3.2,38,29,1
310,8.6,50,35,1
397,7.15,42,30,1
310,2.63,66,16,1
201,8.6,50,37,1
242,8.2,75,31,1
156,3.29,81,28,0
120,8.05,69,36,1
167,2.5,89,19,0
360,1.97,40,16,1
300,8.81,48,18,1
229,1.7,39,24,0
394,3.66,70,33,1
122,7.33,85,28,0
62,9.33,100,38,1
300,3.37,56,30,1
335,0.82,50,27,1
98,3.78,36,16,0
129,4.2,93,29,0
337,9.68,71,29,1
68,8.25,84,36,1
161,9.6,53,15,1
84,9.57,83,17,1
249,8.82,72,19,1
21,8.9,60,31,1
309,5.21,65,21,1
369,2.21,34,39,1
4,6.5,73,40,0
314,4.04,30,18,1
247,7.83,94,21,1
108,1.9,94,23,0
271,4.21,97,33,1
313,9.3,55,28,1
394,9.52,35,29,1
368,6.11,67,32,1
386,4.84,66,25,1
9,4.37,38,30,0
213,9.33,59,25,1
302,2.62,63,24,1
333,8.6,59,36,1
296,2.91,63,15,1
271,2.68,58,29,1
122,4.27,85,16,0
38,8.12,65,32,1
279,9.43,32,31,1
375,8.05,69,39,1
307,6.8,93,33,1
109,5.57,100,24,0
399,1.6,60,27,1
287,7.39,52,32,1
335,2.4,84,17,1
168,6.65,91,15,0
50,1.73,63,20,0
336,3.28,62,28,1
82,9.11,56,38,1
83,3.93,66,24,0
277,7.07,38,17,1
79,8.8,30,22,1
33,7.9,64,20,0
58,7.77,73,18,0
256,7.78,98,29,1
261,1.66,65,40,1
42,3.88,41,26,0
90,4.18,54,32,0
128,7.39,41,17,0
83,1.89,50,31,0
353,5.58,91,39,1
323,3.84,73,27,1
387,4.61,95,39,1
206,2.52,54,34,0
326,5.09,38,38,1
116,8.43,93,32,1
394,4.85,71,35,1
188,2.39,35,16,0
231,2.29,75,15,0
340,9.37,73,28,1
383,8.46,70,29,1
43,1.77,42,34,0
266,5.83,44,33,1
69,5,100,32,0
371,7.74,45,34,1
16,7.97,70,22,0
159,5.6,84,24,0
19,8.66,37,24,1
340,9.66,47,37,1
132,8.25,49,23,1
174,8.57,39,31,1
186,1.21,69,38,0
153,4.37,33,24,0
167,2.26,41,19,0
268,6.23,42,26,1
58,1.4,63,39,0
170,3.52,45,20,0
295,2.52,40,22,1
25,3.13,100,39,0
277,9.17,40,40,1
364,5.71,99,24,1
282,6.75,42,27,1
385,9.34,69,28,1
47,6.75,64,38,0
26,1.8,42,33,0
2,1.51,91,16,0
240,8.19,81,32,1
54,3.01,61,17,0
171,2.1,43,35,0
8,4.97,46,20,0
377,9.59,95,22,1
208,0.55,96,23,0
295,8.05,54,30,1
280,2.76,85,21,1
313,6.84,54,31,1
149,3.77,81,33,0
210,9.15,66,23,1
127,6.36,45,37,0
215,2.92,93,15,0
58,4.35,54,38,0
129,7.07,53,35,0
297,1.64,61,19,1
364,0.88,61,38,1
23,7.45,80,19,0
111,3.13,44,33,0
1,6.69,44,37,0
7,4.43,73,21,0
228,1.87,45,26,0
166,9.78,78,36,1
265,6.96,86,36,1
103,8.65,48,21,1
199,3.86,61,30,0
250,9.52,85,16,1
129,0.53,89,20,0
31,7.92,37,38,0
234,5.48,56,28,0
56,8.87,48,24,1
143,2.18,31,30,0
390,5.53,88,26,1
155,6.62,87,21,0
352,8.71,91,27,1
138,2.02,58,29,0
68,0.66,60,35,0
248,4.15,100,31,0
328,9.37,44,23,1
369,4.02,62,37,1
50,3.08,96,40,0
158,7.59,32,17,0
290,9.59,43,22,1
144,2.89,61,39,0
342,9.35,97,20,1
321,5.22,97,15,1
76,9.61,71,39,1
353,7.81,83,33,1
174,0.51,54,20,0
55,7.46,84,23,0
356,8.14,55,35,1
205,6.86,75,18,1
194,4.98,55,22,0
166,0.94,73,26,0
241,7.71,98,25,1
252,2.66,32,37,1
39,1.48,47,22,0
210,8.73,56,29,1
211,5.58,39,18,1
348,9.9,100,29,1
367,1.79,57,21,1
189,1.42,62,15,0
300,4.39,65,35,1
301,8.95,56,17,1
174,9.27,45,17,1
128,8.02,98,38,1
322,9.41,60,16,1
243,7.05,99,20,1
336,7.69,30,30,1
110,8.06,72,18,1
45,5.29,59,33,0
142,0.5,74,26,0
385,4.8,51,15,1
378,1.43,32,36,1
140,2.33,50,22,0
377,0.93,52,21,1
107,2.38,67,29,0
31,6.79,58,34,0
68,0.8,56,26,0
321,7.69,68,36,1
221,1.96,38,20,0
242,4.09,51,26,0
17,5.56,83,18,0
43,7.76,57,17,0
78,4.44,85,22,0
358,8.22,64,37,1
266,7.28,97,33,1
299,9.85,87,20,1
304,5.56,57,29,1
217,2.14,86,23,0
161,2.97,57,38,0
395,8.44,55,27,1
151,4.07,98,29,0
46,8.81,44,40,1
355,1.7,36,22,1
377,7.15,44,32,1
245,4.25,47,16,0
265,2.21,59,40,1
64,2.78,36,31,0
310,5.66,39,22,1
275,5.75,73,31,1
275,1.39,63,25,1
281,1.79,52,16,1
218,5.16,56,19,0
112,7.14,41,31,0
75,6.44,39,28,0
369,6.52,40,38,1
389,3.56,51,36,1
141,9.93,73,15,1
16,7.77,33,39,0
340,7.06,33,17,1
165,2.07,40,17,0
352,2.31,42,29,1
275,6.65,37,40,1
322,7.61,33,38,1
76,9.89,70,27,1
344,1.59,94,35,1
148,7.65,63,20,0
43,5.68,48,34,0
342,5.98,91,24,1
251,5.46,39,19,1
89,8.33,66,31,1
318,7.99,70,27,1
240,0.88,85,29,0
13,0.92,36,15,0
338,2.98,61,27,1
176,6.55,41,26,0
370,5.4,97,19,1
207,4.09,45,22,0
211,1.92,64,31,0
116,9.91,77,36,1
25,3.98,51,40,0
295,4.07,35,32,1
365,0.87,90,16,1
208,2.48,82,34,0
314,5.8,75,40,1
8,7.84,97,20,0
64,1.11,64,40,0
24,9.32,80,23,1
270,1.68,97,38,1
2,2.99,63,35,0
90,5.7,90,30,0
127,5.4,78,37,0
391,2.28,38,27,1
137,2.8,38,19,0
356,4.3,67,38,1
87,5.46,69,28,0
152,2.01,61,28,0
387,7.31,77,38,1
371,8.53,85,21,1
53,3.44,62,17,0
236,8.8,79,24,1
323,4.2,75,39,1
191,7.7,35,20,1
206,7.99,77,25,1
278,6.99,67,21,1
373,0.72,40,30,1
193,3.42,65,24,0
262,5.97,97,31,1
11,7.83,43,26,0
123,5.78,94,31,0
91,8.39,65,25,1
371,9.74,89,34,1
356,1.08,73,16,1
148,7.02,37,24,0
122,2.44,57,21,0
391,8.33,54,31,1
131,6.08,45,27,0
372,2.61,48,40,1
52,1.36,88,31,0
238,7.35,45,32,1
24,6.26,55,22,0
303,1.37,55,30,1
110,1.78,71,22,0
20,8.88,34,38,1
39,9.58,94,30,1
388,9.64,79,18,1
236,9.63,82,39,1
282,7.34,97,15,1
5,9.16,56,15,1
15,6.07,72,39,0
212,1.56,46,34,0
268,9.28,61,37,1
193,3.67,93,23,0
373,3.19,45,38,1
212,9.21,57,27,1
188,6.29,74,19,1
29,1.22,39,40,0
63,8.77,66,18,1
276,3.28,59,27,1
271,5.03,33,33,1
71,7.69,82,21,0
87,8.24,50,21,1
310,6.22,48,17,1
122,4.79,72,25,0
214,1.23,62,16,0
356,7.59,67,19,1
266,5.59,35,26,1
322,0.7,73,22,1
252,9.39,84,28,1
380,0.94,42,18,1
382,1.72,32,16,1
98,8.81,37,31,1
104,3.93,80,34,0
45,8.27,33,27,1
78,7.01,39,25,0
381,2.52,52,39,1
111,2.91,73,26,0
26,8.27,95,32,1
93,4.64,43,30,0
320,8.55,84,39,1
287,6.62,48,34,1
107,9.85,63,24,1
383,9.65,44,22,1
155,9.02,30,40,1
270,9.86,54,25,1
152,2.76,100,38,0
270,1.8,35,21,1
119,6.63,45,16,0
52,6.84,87,37,0
355,0.67,36,31,1
188,9.94,38,40,1
148,3.21,53,15,0
365,9.96,62,33,1
84,4.33,83,39,0
319,5.94,78,39,1
336,3.32,100,35,1
309,7.72,88,17,1
267,3.31,98,40,1
187,6,61,19,1
169,5.87,67,15,0
395,5.25,69,33,1
316,8.03,54,20,1
97,1.53,58,24,0
399,1.84,85,27,1
288,5.82,37,28,1
318,7.15,90,19,1
203,6.58,88,39,1
213,9.74,33,35,1
226,2.15,57,24,0
287,9.46,59,31,1
310,2.59,76,35,1
124,9.04,96,19,1
336,9.02,32,24,1
1,9.02,82,36,1
60,9.83,85,25,1
15,5.72,48,27,0
302,7.75,99,36,1
75,4.62,64,17,0
281,4.13,78,26,1
208,6.49,57,15,1
287,5.08,84,18,1
344,8.39,48,39,1
97,8.17,70,33,1
172,9.81,45,23,1
98,7.88,81,32,0
76,2.79,69,31,0
139,6.45,35,15,0
84,5.04,58,15,0
3,6.84,95,28,0
307,4.21,79,17,1
28,1.61,79,31,0
103,1.21,54,34,0
171,8.32,33,16,1
33,4.06,37,34,0
331,3.15,67,35,1
310,1.2,71,16,1
232,4.37,52,35,0
267,2.36,86,35,1
210,6.46,36,38,1
188,2.59,65,23,0
8,9.01,86,29,1
306,3.17,50,16,1
365,9.46,47,38,1
206,7.75,82,36,1
66,6.16,74,15,0
284,8.09,92,38,1
320,8.35,79,16,1
82,5.87,38,39,0
398,3,80,31,1
345,5.57,38,21,1
101,2.43,59,17,0
67,9.56,70,26,1
366,9.34,55,26,1
205,1.53,99,17,0
237,0.6,51,36,0
52,1.25,50,15,0
194,1.57,84,22,0
262,9.81,70,19,1
239,5.21,74,27,0
62,2.31,87,17,0
341,5.68,69,23,1
303,0.97,51,33,1
165,0.95,80,24,0
261,0.91,42,28,1
141,3.21,36,22,0
231,2.45,62,18,0
203,4.97,43,19,0
237,7.54,93,36,1
262,2.12,53,17,1
7,8.42,41,30,1
301,5.59,53,18,1
321,2.34,96,28,1
87,5.94,73,38,0
251,7.95,86,22,1
388,4.55,59,32,1
124,8.83,95,20,1
278,6.97,70,28,1
14,3.72,87,38,0
11,5.18,99,38,0
325,4.57,45,29,1
244,7.15,81,30,1
120,9.05,96,39,1
75,8.67,31,26,1
391,0.52,99,19,1
43,6.76,51,20,0
114,6.48,71,36,0
81,1.32,80,36,0
337,3.98,72,32,1
229,9.4,63,27,1
291,1.93,39,31,1
333,7.82,52,17,1
292,1.82,80,29,1
386,6.14,35,32,1
302,5.58,64,22,1
220,6.42,99,24,1
279,8.75,50,19,1
19,8.58,34,34,1
354,7.43,99,28,1
368,6.18,62,31,1
149,6.66,68,34,0
172,8.54,95,32,1
322,1.13,40,24,1
177,4.79,99,31,0
234,9.64,34,37,1
335,4.69,75,20,1
120,9,81,29,1
199,5.04,99,39,0
336,2.27,87,23,1
194,7.91,38,38,1
321,6.81,89,30,1
312,5.56,79,32,1
76,8.64,85,31,1
254,7.33,49,19,1
163,5.4,55,30,0
383,0.86,98,25,1
348,5.48,81,35,1
95,6.98,60,26,0
26,7.11,33,36,0
184,7.68,79,27,1
372,6.39,88,33,1
19,0.79,45,20,0
143,9.05,52,39,1
382,3.75,77,23,1
128,2.23,97,27,0
235,6.14,55,19,1
180,8.35,67,20,1
326,2.84,47,36,1
272,7.52,64,40,1
200,8.39,58,21,1
279,9.62,43,25,1
207,2.06,40,36,0
348,9.2,53,32,1
389,3.71,91,20,1
175,4.2,51,27,0
301,2.61,58,25,1
271,6.28,77,18,1
114,8.67,94,18,1
286,7.25,77,26,1
13,9.54,92,31,1
134,9.58,71,15,1
312,3.54,92,39,1
348,3.23,63,22,1
3,2.34,45,36,0
262,8.33,39,18,1
246,6.19,51,16,1
101,5.45,72,33,0
120,3.06,34,17,0
186,2.5,69,17,0
166,3.29,43,25,0
167,2.42,57,38,0
88,3.98,57,28,0
243,7.41,97,18,1
121,8.09,87,25,1
23,0.65,64,19,0
356,8.71,43,24,1
394,8.03,34,39,1
181,2.18,79,34,0
270,9.51,45,37,1
302,5.48,37,34,1
375,8.43,91,15,1
139,3.93,60,31,0
269,5.8,74,27,1
83,8.96,72,32,1
397,4.57,37,25,1
395,6.04,83,40,1
386,4.77,86,23,1
152,8.69,47,30,1
361,3.71,73,38,1
342,3.16,73,38,1
301,4.51,76,40,1
162,7.98,66,20,0
257,1.72,45,17,1
354,4.57,72,15,1
69,9.36,30,16,1
21,1.98,69,26,0
327,2.68,59,17,1
121,1.75,44,40,0
166,8.75,38,21,1
2,3.58,91,16,0
267,2.44,84,32,1
377,2.23,42,24,1
155,3.2,96,31,0
315,4.14,92,19,1
255,9.65,58,28,1
229,9.04,86,38,1
149,6.61,49,38,0
3,1.73,95,38,0
360,2.09,77,24,1
107,9.52,38,31,1
111,8.15,52,37,1
278,8.17,43,38,1
68,2.31,38,19,0
102,6.26,30,35,0
156,6.43,37,27,0
378,0.58,41,31,1
125,4.45,92,20,0
104,7.32,89,26,0
12,5.56,90,27,0
265,7.21,88,20,1
92,9.05,91,29,1
164,2.97,76,32,0
321,3.02,47,27,1
79,8.7,34,25,1
72,6.38,95,39,0
342,7.55,78,36,1
283,2.79,43,27,1
27,5.72,53,37,0
225,9.62,90,20,1
32,4.84,57,21,0
226,7.98,57,33,1
335,6.03,53,15,1
166,2.23,49,33,0
290,9.14,57,38,1
210,8.87,42,38,1
218,8.09,39,35,1
155,2.74,100,19,0
121,9.02,71,35,1
186,7.17,61,40,1
295,8.63,99,21,1
163,5.78,69,23,0
213,1.66,89,38,0
380,8.88,58,20,1
201,3.25,32,33,0
170,2.98,62,33,0
396,5.23,44,20,1
228,6.23,86,15,1
95,5.92,86,17,0
82,1.03,61,36,0
305,4.95,97,30,1
368,1.57,92,37,1
167,1.81,96,22,0
66,1.92,42,19,0
186,4.27,36,32,0
96,2.15,35,23,0
389,5.76,89,31,1
257,5.31,86,26,1
350,2.5,77,36,1
263,3.89,60,35,1
273,4.25,37,40,1
384,8.01,35,21,1
8,3.14,68,22,0
198,6.63,71,18,1
235,1.13,50,21,0
372,5.92,41,15,1
398,1.92,51,39,1
373,9.45,74,36,1
